DBG Loading manifest from './manifest.toml' (3497 bytes).
DBG Manifest written back after potential upgrade (3497 bytes).
DBG get_template_names: using profile 'Documentation' with 2 templates.
DBG Probing dependency: 'pandoc' --version
DBG Probing dependency: 'xelatex' --version
DBG Probing dependency: 'typst' --version
DBG Loading manifest from './manifest.toml' (3497 bytes).
DBG Manifest written back after potential upgrade (3497 bytes).
DBG Running smart clean on project . with threshold of 2.
DBG Deleting directory: ./2026-07-09_07-56-02
Converting project: .
DBG Created build directory at './2026-07-09_08-16-04'.
DBG Converting in directory: ./2026-07-09_08-16-04
Converting markdown project 'Documentation' with template 'HTML'.
DBG Resolved template mapping for HTML.
DBG Copied template directory.
DBG Copying directory: ./Documentation/resources/
DBG Merged 1 metadata fields (0 shared, 1 project specific).
DBG Prepared conversion input directory: ./2026-07-09_08-16-04/Documentation_compiled/HTML_convdir/
DBG Copying markdown directory './Documentation' to './2026-07-09_08-16-04/Documentation_compiled/HTML_convdir/'
DBG Starting template conversion for 'HTML'.
DBG   Template type: 'CustomPreprocessors'.
DBG Selecting converter for template type: CustomPreprocessors
DBG Converter selected.
DBG Running converter...
DBG Starting CustomPandoc conversion for template 'HTML'...
DBG Retrieving preprocessors...
DBG retrieve_preprocessors -> 7 selected: ["HTML", "HTML from Markdown", "HTML Direct", "HTML from Markdown", "MDL Headers", "Typst Ignore MD Processed", "Ignore Typst for Web"]
DBG Selected preprocessors: ["HTML", "HTML from Markdown", "HTML Direct", "HTML from Markdown", "MDL Headers", "Typst Ignore MD Processed", "Ignore Typst for Web"]
DBG Collecting input files for preprocessing...
DBG Retrieving injections 'HTML Head Injection Split' from Manifest.
DBG Found injection file './2026-07-09_08-16-04/Documentation_compiled/custom-head-1.html'.
DBG Found injection file './2026-07-09_08-16-04/Documentation_compiled/custom-head-headers.mdl'.
DBG Found injection file './2026-07-09_08-16-04/Documentation_compiled/custom-head-2.html'.
DBG Found injection file './2026-07-09_08-16-04/Documentation_compiled/custom-nav.mdl'.
DBG Retrieved 4 injections.
DBG Retrieving injections '' from Manifest.
DBG Retrieved 0 injections.
DBG Retrieving injections 'HTML Tail Injection' from Manifest.
DBG Found injection file './2026-07-09_08-16-04/Documentation_compiled/custom-tail.html'.
DBG Retrieved 1 injections.
DBG get_sorted_files('./2026-07-09_08-16-04/Documentation_compiled/HTML_convdir/02Usage') -> 6 files
DBG get_sorted_files('./2026-07-09_08-16-04/Documentation_compiled/HTML_convdir/03Features') -> 6 files
DBG get_sorted_files('./2026-07-09_08-16-04/Documentation_compiled/HTML_convdir/04Contributing') -> 1 files
DBG get_sorted_files('./2026-07-09_08-16-04/Documentation_compiled/HTML_convdir/') -> 19 files
DBG Found 19 input files.
DBG Retrieving navigation metadata.
DBG retrieve_output_extension -> html
DBG Executing command: pandoc (suppress_verbose=true)
ERR [WARNING] Could not deduce format from file extension .typign_md

ERR   Defaulting to markdown

DBG Command pandoc completed successfully.
DBG Executing command: pandoc (suppress_verbose=true)
DBG Command pandoc completed successfully.
DBG Executing command: pandoc (suppress_verbose=true)
DBG Command pandoc completed successfully.
DBG Executing command: pandoc (suppress_verbose=true)
ERR "/home/lena/Documents/software/site-tiefprompt.com/2026-07-09_08-16-04/Documentation_compiled/HTML_convdir/02UsageIntro.typ" (line 1, column 2):

ERR Identifier "cover-page" not found

DBG Could not extract front matter from /home/lena/Documents/software/site-tiefprompt.com/2026-07-09_08-16-04/Documentation_compiled/HTML_convdir/02UsageIntro.typ: Command pandoc failed with status code 64.
DBG Executing command: pandoc (suppress_verbose=true)
DBG Command pandoc completed successfully.
DBG Executing command: pandoc (suppress_verbose=true)
DBG Command pandoc completed successfully.
DBG Executing command: pandoc (suppress_verbose=true)
DBG Command pandoc completed successfully.
DBG Executing command: pandoc (suppress_verbose=true)
DBG Command pandoc completed successfully.
DBG Executing command: pandoc (suppress_verbose=true)
DBG Command pandoc completed successfully.
DBG Executing command: pandoc (suppress_verbose=true)
DBG Command pandoc completed successfully.
DBG Executing command: pandoc (suppress_verbose=true)
ERR "/home/lena/Documents/software/site-tiefprompt.com/2026-07-09_08-16-04/Documentation_compiled/HTML_convdir/03FeaturesIntro.typ" (line 1, column 2):

ERR Identifier "cover-page" not found

DBG Could not extract front matter from /home/lena/Documents/software/site-tiefprompt.com/2026-07-09_08-16-04/Documentation_compiled/HTML_convdir/03FeaturesIntro.typ: Command pandoc failed with status code 64.
DBG Executing command: pandoc (suppress_verbose=true)
DBG Command pandoc completed successfully.
DBG Executing command: pandoc (suppress_verbose=true)
DBG Command pandoc completed successfully.
DBG Executing command: pandoc (suppress_verbose=true)
DBG Command pandoc completed successfully.
DBG Executing command: pandoc (suppress_verbose=true)
DBG Command pandoc completed successfully.
DBG Executing command: pandoc (suppress_verbose=true)
DBG Command pandoc completed successfully.
DBG Executing command: pandoc (suppress_verbose=true)
DBG Command pandoc completed successfully.
DBG Executing command: pandoc (suppress_verbose=true)
ERR "/home/lena/Documents/software/site-tiefprompt.com/2026-07-09_08-16-04/Documentation_compiled/HTML_convdir/04ContributingIntro.typ" (line 1, column 2):

ERR Identifier "cover-page" not found

DBG Could not extract front matter from /home/lena/Documents/software/site-tiefprompt.com/2026-07-09_08-16-04/Documentation_compiled/HTML_convdir/04ContributingIntro.typ: Command pandoc failed with status code 64.
DBG Executing command: pandoc (suppress_verbose=true)
DBG Command pandoc completed successfully.
DBG Built navigation metadata tree.
DBG Navigation metadata written to ./2026-07-09_08-16-04/Documentation_compiled/.meta_nav.yml
DBG Navigation metadata written to ./2026-07-09_08-16-04/Documentation_compiled/.meta_nav.json
DBG Navigation metadata written to ./2026-07-09_08-16-04/Documentation_compiled/.meta_metadata.yml
DBG Navigation metadata written to ./2026-07-09_08-16-04/Documentation_compiled/.meta_metadata.json
DBG Running preprocessors on inputs...
DBG Chunking 19 input files.
DBG Created 19 preprocessing chunks.
DBG Processing chunk with extension typign_md
DBG Processing chunk with extension md
DBG Processing chunk with extension md
DBG Processing chunk with extension md
DBG Processing chunk with extension md
DBG Processing chunk with extension typ
DBG Running preprocessor 'Typst Ignore MD Processed' on 1 files.
DBG Processing chunk with extension md
DBG Processing chunk with extension md
DBG Running preprocessor 'HTML from Markdown' on 1 files.
DBG Processing chunk with extension md
DBG Running preprocessor 'HTML from Markdown' on 1 files.
DBG Processing chunk with extension md
DBG Running preprocessor 'HTML from Markdown' on 1 files.
DBG Processing chunk with extension md
DBG Running preprocessor 'HTML from Markdown' on 1 files.
DBG preprocess_cli_args -> 4 args: ["-f", "markdown+inline_code_attributes", "-t", "html5"]
DBG Processing chunk with extension md
DBG Running preprocessor 'HTML from Markdown' on 1 files.
DBG Adding lua filter: luafilters/megareplacerfilter/mega_replacer_filter.lua
DBG Processing chunk with extension md
DBG Running preprocessor 'HTML from Markdown' on 1 files.
DBG Adding lua filter: luafilters/navfilter/nav_filter.lua
DBG Running preprocessor 'HTML from Markdown' on 1 files.
DBG Adding lua filter: luafilters/changelogfilter/changelog_filter.lua
DBG Running preprocessor 'HTML from Markdown' on 1 files.
DBG Running preprocessor 'Ignore Typst for Web' on 1 files.
DBG preprocess_cli_args -> 0 args: []
DBG Running preprocessor 'true' with args: "HTML_convdir/00Defs.typ"
DBG Executing command: true (suppress_verbose=true)
DBG preprocess_cli_args -> 4 args: ["-f", "markdown+inline_code_attributes", "-t", "html5"]
DBG Running preprocessor 'HTML from Markdown' on 1 files.
DBG preprocess_cli_args -> 4 args: ["-f", "markdown+inline_code_attributes", "-t", "html5"]
DBG Running preprocessor 'HTML from Markdown' on 1 files.
DBG preprocess_cli_args -> 4 args: ["-f", "markdown+inline_code_attributes", "-t", "html5"]
DBG Processing chunk with extension md
DBG Adding lua filter: luafilters/megareplacerfilter/mega_replacer_filter.lua
DBG Processing chunk with extension md
DBG Adding lua filter: luafilters/navfilter/nav_filter.lua
DBG preprocess_cli_args -> 4 args: ["-f", "markdown+inline_code_attributes", "-t", "html5"]
DBG preprocess_cli_args -> 4 args: ["-f", "markdown+inline_code_attributes", "-t", "html5"]
DBG Processing chunk with extension typ
DBG Running preprocessor 'Ignore Typst for Web' on 1 files.
DBG preprocess_cli_args -> 0 args: []
DBG preprocess_cli_args -> 4 args: ["-f", "markdown+inline_code_attributes", "-t", "html5"]
DBG Running preprocessor 'true' with args: "HTML_convdir/03FeaturesIntro.typ"
DBG Executing command: true (suppress_verbose=true)
DBG Adding lua filter: luafilters/megareplacerfilter/mega_replacer_filter.lua
DBG Adding lua filter: luafilters/navfilter/nav_filter.lua
DBG Adding lua filter: luafilters/docsindexfilter/docs_index_filter.lua
DBG preprocess_cli_args -> 4 args: ["-f", "markdown+inline_code_attributes", "-t", "html5"]
DBG Running preprocessor 'HTML from Markdown' on 1 files.
DBG Adding lua filter: luafilters/megareplacerfilter/mega_replacer_filter.lua
DBG preprocess_cli_args -> 4 args: ["-f", "markdown+inline_code_attributes", "-t", "html5"]
DBG Adding lua filter: luafilters/megareplacerfilter/mega_replacer_filter.lua
DBG Adding lua filter: luafilters/megareplacerfilter/mega_replacer_filter.lua
DBG Adding lua filter: luafilters/navfilter/nav_filter.lua
DBG preprocess_cli_args -> 4 args: ["-f", "markdown+inline_code_attributes", "-t", "html5"]
DBG Adding lua filter: luafilters/changelogfilter/changelog_filter.lua
DBG Processing chunk with extension md
DBG Running preprocessor 'HTML from Markdown' on 1 files.
DBG Processing chunk with extension typ
DBG Adding lua filter: luafilters/changelogfilter/changelog_filter.lua
DBG Adding lua filter: luafilters/megareplacerfilter/mega_replacer_filter.lua
DBG Adding lua filter: luafilters/megareplacerfilter/mega_replacer_filter.lua
DBG Adding lua filter: luafilters/navfilter/nav_filter.lua
DBG preprocess_cli_args -> 4 args: ["-f", "markdown+inline_code_attributes", "-t", "html5"]
DBG Command true completed successfully.
DBG Adding lua filter: luafilters/tocfilter/toc_filter.lua
DBG Processing chunk with extension typ
DBG Running preprocessor 'Ignore Typst for Web' on 1 files.
DBG preprocess_cli_args -> 0 args: []
DBG Running preprocessor 'true' with args: "HTML_convdir/02UsageIntro.typ"
DBG Executing command: true (suppress_verbose=true)
DBG Running preprocessor 'HTML from Markdown' on 1 files.
DBG Adding lua filter: luafilters/megareplacerfilter/mega_replacer_filter.lua
DBG Adding lua filter: luafilters/docsindexfilter/docs_index_filter.lua
DBG Running preprocessor 'HTML from Markdown' on 1 files.
DBG preprocess_cli_args -> 4 args: ["-f", "markdown+inline_code_attributes", "-t", "html5"]
DBG Running preprocessor 'Ignore Typst for Web' on 1 files.
DBG preprocess_cli_args -> 0 args: []
DBG Adding lua filter: luafilters/megareplacerfilter/mega_replacer_filter.lua
DBG Adding lua filter: luafilters/changelogfilter/changelog_filter.lua
DBG Adding lua filter: luafilters/changelogfilter/changelog_filter.lua
DBG Adding lua filter: luafilters/docsindexfilter/docs_index_filter.lua
DBG add_lua_filters -> filters processed.
DBG Adding metadata to pandoc conversion parameters.
DBG Adding lua filter: luafilters/tocfilter/toc_filter.lua
DBG Adding metadata to pandoc conversion parameters.
DBG Adding lua filter: luafilters/megareplacerfilter/mega_replacer_filter.lua
DBG Adding lua filter: luafilters/navfilter/nav_filter.lua
DBG preprocess_cli_args -> 4 args: ["-f", "markdown+inline_code_attributes", "-t", "html5"]
DBG Adding lua filter: luafilters/navfilter/nav_filter.lua
DBG Adding lua filter: luafilters/megareplacerfilter/mega_replacer_filter.lua
DBG Adding lua filter: luafilters/changelogfilter/changelog_filter.lua
DBG Command true completed successfully.
DBG Adding lua filter: luafilters/docsindexfilter/docs_index_filter.lua
DBG Running preprocessor 'true' with args: "HTML_convdir/04ContributingIntro.typ"
DBG Executing command: true (suppress_verbose=true)
DBG Adding lua filter: luafilters/tocfilter/toc_filter.lua
DBG Adding lua filter: luafilters/navfilter/nav_filter.lua
DBG Adding lua filter: luafilters/megareplacerfilter/mega_replacer_filter.lua
DBG Adding lua filter: luafilters/docsindexfilter/docs_index_filter.lua
DBG Adding lua filter: luafilters/navfilter/nav_filter.lua
DBG preprocess_cli_args -> 4 args: ["-f", "markdown+inline_code_attributes", "-t", "html5"]
DBG add_lua_filters -> filters processed.
DBG Adding metadata to pandoc conversion parameters.
DBG Adding lua filter: luafilters/navfilter/nav_filter.lua
DBG Adding lua filter: luafilters/changelogfilter/changelog_filter.lua
DBG Adding lua filter: luafilters/tocfilter/toc_filter.lua
DBG Adding lua filter: luafilters/docsindexfilter/docs_index_filter.lua
DBG Adding lua filter: luafilters/navfilter/nav_filter.lua
DBG Adding lua filter: luafilters/docsindexfilter/docs_index_filter.lua
DBG Adding lua filter: luafilters/navfilter/nav_filter.lua
DBG add_lua_filters -> filters processed.
DBG Adding metadata to pandoc conversion parameters.
DBG Adding metadata to pandoc conversion parameters.
DBG Adding lua filter: luafilters/navfilter/nav_filter.lua
DBG Adding lua filter: luafilters/changelogfilter/changelog_filter.lua
DBG Running preprocessor 'pandoc' with args: "-f" "markdown+inline_code_attributes" "-t" "html5" "--lua-filter" "luafilters/megareplacerfilter/mega_replacer_filter.lua" "--lua-filter" "luafilters/navfilter/nav_filter.lua" "--lua-filter" "luafilters/changelogfilter/changelog_filter.lua" "--lua-filter" "luafilters/docsindexfilter/docs_index_filter.lua" "--lua-filter" "luafilters/tocfilter/toc_filter.lua" "--metadata-file" ".meta_nav.yml" "--metadata-file" ".meta_metadata.yml" "HTML_convdir/02Usage/01BasicConfig.md"
DBG Adding lua filter: luafilters/changelogfilter/changelog_filter.lua
DBG Adding lua filter: luafilters/docsindexfilter/docs_index_filter.lua
DBG Adding metadata to pandoc conversion parameters.
DBG Adding lua filter: luafilters/tocfilter/toc_filter.lua
DBG preprocess_cli_args -> 4 args: ["-f", "markdown+inline_code_attributes", "-t", "html5"]
DBG add_lua_filters -> filters processed.
DBG Adding metadata to pandoc conversion parameters.
DBG Adding lua filter: luafilters/tocfilter/toc_filter.lua
DBG Adding lua filter: luafilters/tocfilter/toc_filter.lua
DBG Adding lua filter: luafilters/changelogfilter/changelog_filter.lua
DBG Adding lua filter: luafilters/changelogfilter/changelog_filter.lua
DBG Adding lua filter: luafilters/tocfilter/toc_filter.lua
DBG Running preprocessor 'pandoc' with args: "-f" "markdown+inline_code_attributes" "-t" "html5" "--lua-filter" "luafilters/megareplacerfilter/mega_replacer_filter.lua" "--lua-filter" "luafilters/navfilter/nav_filter.lua" "--lua-filter" "luafilters/changelogfilter/changelog_filter.lua" "--lua-filter" "luafilters/docsindexfilter/docs_index_filter.lua" "--lua-filter" "luafilters/tocfilter/toc_filter.lua" "--metadata-file" ".meta_nav.yml" "--metadata-file" ".meta_metadata.yml" "HTML_convdir/02Usage/03DisplaySettings.md"
DBG Executing command: pandoc (suppress_verbose=true)
DBG Adding lua filter: luafilters/megareplacerfilter/mega_replacer_filter.lua
DBG Command true completed successfully.
DBG Adding lua filter: luafilters/navfilter/nav_filter.lua
DBG Adding lua filter: luafilters/docsindexfilter/docs_index_filter.lua
DBG Adding lua filter: luafilters/changelogfilter/changelog_filter.lua
DBG Running preprocessor 'pandoc' with args: "-f" "markdown+inline_code_attributes" "-t" "html5" "--lua-filter" "luafilters/megareplacerfilter/mega_replacer_filter.lua" "--lua-filter" "luafilters/navfilter/nav_filter.lua" "--lua-filter" "luafilters/changelogfilter/changelog_filter.lua" "--lua-filter" "luafilters/docsindexfilter/docs_index_filter.lua" "--lua-filter" "luafilters/tocfilter/toc_filter.lua" "--metadata-file" ".meta_nav.yml" "--metadata-file" ".meta_metadata.yml" "HTML_convdir/03Features/03Chapters.md"
DBG Executing command: pandoc (suppress_verbose=true)
DBG Adding lua filter: luafilters/megareplacerfilter/mega_replacer_filter.lua
DBG Adding lua filter: luafilters/changelogfilter/changelog_filter.lua
DBG Adding metadata to pandoc conversion parameters.
DBG add_lua_filters -> filters processed.
DBG Adding metadata to pandoc conversion parameters.
DBG Adding lua filter: luafilters/docsindexfilter/docs_index_filter.lua
DBG Adding lua filter: luafilters/docsindexfilter/docs_index_filter.lua
DBG Adding lua filter: luafilters/tocfilter/toc_filter.lua
DBG Executing command: pandoc (suppress_verbose=true)
DBG Adding lua filter: luafilters/tocfilter/toc_filter.lua
DBG Adding lua filter: luafilters/changelogfilter/changelog_filter.lua
DBG Adding lua filter: luafilters/tocfilter/toc_filter.lua
DBG Adding lua filter: luafilters/docsindexfilter/docs_index_filter.lua
DBG add_lua_filters -> filters processed.
DBG Adding metadata to pandoc conversion parameters.
DBG Adding lua filter: luafilters/navfilter/nav_filter.lua
DBG Adding lua filter: luafilters/docsindexfilter/docs_index_filter.lua
DBG Running preprocessor 'pandoc' with args: "-f" "markdown+inline_code_attributes" "-t" "html5" "--lua-filter" "luafilters/megareplacerfilter/mega_replacer_filter.lua" "--lua-filter" "luafilters/navfilter/nav_filter.lua" "--lua-filter" "luafilters/changelogfilter/changelog_filter.lua" "--lua-filter" "luafilters/docsindexfilter/docs_index_filter.lua" "--lua-filter" "luafilters/tocfilter/toc_filter.lua" "--metadata-file" ".meta_nav.yml" "--metadata-file" ".meta_metadata.yml" "HTML_convdir/02Usage/04TextSettings.md"
DBG Executing command: pandoc (suppress_verbose=true)
DBG Adding lua filter: luafilters/tocfilter/toc_filter.lua
DBG add_lua_filters -> filters processed.
DBG Adding metadata to pandoc conversion parameters.
DBG add_lua_filters -> filters processed.
DBG Adding metadata to pandoc conversion parameters.
DBG add_lua_filters -> filters processed.
DBG Adding metadata to pandoc conversion parameters.
DBG add_lua_filters -> filters processed.
DBG Adding metadata to pandoc conversion parameters.
DBG Adding lua filter: luafilters/docsindexfilter/docs_index_filter.lua
DBG Adding lua filter: luafilters/tocfilter/toc_filter.lua
DBG Adding metadata to pandoc conversion parameters.
DBG Adding lua filter: luafilters/changelogfilter/changelog_filter.lua
DBG add_lua_filters -> filters processed.
DBG Adding metadata to pandoc conversion parameters.
DBG add_lua_filters -> filters processed.
DBG Adding metadata to pandoc conversion parameters.
DBG Adding metadata to pandoc conversion parameters.
DBG Command true completed successfully.
DBG Running preprocessor 'pandoc' with args: "-f" "markdown+inline_code_attributes" "-t" "html5" "--lua-filter" "luafilters/megareplacerfilter/mega_replacer_filter.lua" "--lua-filter" "luafilters/navfilter/nav_filter.lua" "--lua-filter" "luafilters/changelogfilter/changelog_filter.lua" "--lua-filter" "luafilters/docsindexfilter/docs_index_filter.lua" "--lua-filter" "luafilters/tocfilter/toc_filter.lua" "--metadata-file" ".meta_nav.yml" "--metadata-file" ".meta_metadata.yml" "HTML_convdir/03Features/05ScrollAndSessionBehavior.md"
DBG Executing command: pandoc (suppress_verbose=true)
DBG Adding metadata to pandoc conversion parameters.
DBG Adding lua filter: luafilters/tocfilter/toc_filter.lua
DBG add_lua_filters -> filters processed.
DBG Adding metadata to pandoc conversion parameters.
DBG Adding metadata to pandoc conversion parameters.
DBG Adding lua filter: luafilters/docsindexfilter/docs_index_filter.lua
DBG Adding metadata to pandoc conversion parameters.
DBG Adding lua filter: luafilters/tocfilter/toc_filter.lua
DBG Adding metadata to pandoc conversion parameters.
DBG Adding metadata to pandoc conversion parameters.
DBG Running preprocessor 'pandoc' with args: "-f" "markdown+inline_code_attributes" "-t" "html5" "--lua-filter" "luafilters/megareplacerfilter/mega_replacer_filter.lua" "--lua-filter" "luafilters/navfilter/nav_filter.lua" "--lua-filter" "luafilters/changelogfilter/changelog_filter.lua" "--lua-filter" "luafilters/docsindexfilter/docs_index_filter.lua" "--lua-filter" "luafilters/tocfilter/toc_filter.lua" "--metadata-file" ".meta_nav.yml" "--metadata-file" ".meta_metadata.yml" "HTML_convdir/03Features/02SavedSettings.md"
DBG Executing command: pandoc (suppress_verbose=true)
DBG Running preprocessor 'pandoc' with args: "-f" "markdown+inline_code_attributes" "-t" "html5" "--lua-filter" "luafilters/megareplacerfilter/mega_replacer_filter.lua" "--lua-filter" "luafilters/navfilter/nav_filter.lua" "--lua-filter" "luafilters/changelogfilter/changelog_filter.lua" "--lua-filter" "luafilters/docsindexfilter/docs_index_filter.lua" "--lua-filter" "luafilters/tocfilter/toc_filter.lua" "--metadata-file" ".meta_nav.yml" "--metadata-file" ".meta_metadata.yml" "HTML_convdir/index.typign_md"
DBG Executing command: pandoc (suppress_verbose=true)
DBG Running preprocessor 'pandoc' with args: "-f" "markdown+inline_code_attributes" "-t" "html5" "--lua-filter" "luafilters/megareplacerfilter/mega_replacer_filter.lua" "--lua-filter" "luafilters/navfilter/nav_filter.lua" "--lua-filter" "luafilters/changelogfilter/changelog_filter.lua" "--lua-filter" "luafilters/docsindexfilter/docs_index_filter.lua" "--lua-filter" "luafilters/tocfilter/toc_filter.lua" "--metadata-file" ".meta_nav.yml" "--metadata-file" ".meta_metadata.yml" "HTML_convdir/03Features/01ScriptSaving.md"
DBG Executing command: pandoc (suppress_verbose=true)
DBG Running preprocessor 'pandoc' with args: "-f" "markdown+inline_code_attributes" "-t" "html5" "--lua-filter" "luafilters/megareplacerfilter/mega_replacer_filter.lua" "--lua-filter" "luafilters/navfilter/nav_filter.lua" "--lua-filter" "luafilters/changelogfilter/changelog_filter.lua" "--lua-filter" "luafilters/docsindexfilter/docs_index_filter.lua" "--lua-filter" "luafilters/tocfilter/toc_filter.lua" "--metadata-file" ".meta_nav.yml" "--metadata-file" ".meta_metadata.yml" "HTML_convdir/02Usage/05Keybindings.md"
DBG Executing command: pandoc (suppress_verbose=true)
DBG Running preprocessor 'pandoc' with args: "-f" "markdown+inline_code_attributes" "-t" "html5" "--lua-filter" "luafilters/megareplacerfilter/mega_replacer_filter.lua" "--lua-filter" "luafilters/navfilter/nav_filter.lua" "--lua-filter" "luafilters/changelogfilter/changelog_filter.lua" "--lua-filter" "luafilters/docsindexfilter/docs_index_filter.lua" "--lua-filter" "luafilters/tocfilter/toc_filter.lua" "--metadata-file" ".meta_nav.yml" "--metadata-file" ".meta_metadata.yml" "HTML_convdir/02Usage/06SavedSettings.md"
DBG Executing command: pandoc (suppress_verbose=true)
DBG Running preprocessor 'pandoc' with args: "-f" "markdown+inline_code_attributes" "-t" "html5" "--lua-filter" "luafilters/megareplacerfilter/mega_replacer_filter.lua" "--lua-filter" "luafilters/navfilter/nav_filter.lua" "--lua-filter" "luafilters/changelogfilter/changelog_filter.lua" "--lua-filter" "luafilters/docsindexfilter/docs_index_filter.lua" "--lua-filter" "luafilters/tocfilter/toc_filter.lua" "--metadata-file" ".meta_nav.yml" "--metadata-file" ".meta_metadata.yml" "HTML_convdir/04Contributing/01FilingIssues.md"
DBG Executing command: pandoc (suppress_verbose=true)
DBG Adding metadata to pandoc conversion parameters.
DBG Adding metadata to pandoc conversion parameters.
DBG Running preprocessor 'pandoc' with args: "-f" "markdown+inline_code_attributes" "-t" "html5" "--lua-filter" "luafilters/megareplacerfilter/mega_replacer_filter.lua" "--lua-filter" "luafilters/navfilter/nav_filter.lua" "--lua-filter" "luafilters/changelogfilter/changelog_filter.lua" "--lua-filter" "luafilters/docsindexfilter/docs_index_filter.lua" "--lua-filter" "luafilters/tocfilter/toc_filter.lua" "--metadata-file" ".meta_nav.yml" "--metadata-file" ".meta_metadata.yml" "HTML_convdir/03Features/04CustomFonts.md"
DBG Executing command: pandoc (suppress_verbose=true)
DBG add_lua_filters -> filters processed.
DBG Adding metadata to pandoc conversion parameters.
DBG add_lua_filters -> filters processed.
DBG Adding metadata to pandoc conversion parameters.
DBG Adding metadata to pandoc conversion parameters.
DBG Running preprocessor 'pandoc' with args: "-f" "markdown+inline_code_attributes" "-t" "html5" "--lua-filter" "luafilters/megareplacerfilter/mega_replacer_filter.lua" "--lua-filter" "luafilters/navfilter/nav_filter.lua" "--lua-filter" "luafilters/changelogfilter/changelog_filter.lua" "--lua-filter" "luafilters/docsindexfilter/docs_index_filter.lua" "--lua-filter" "luafilters/tocfilter/toc_filter.lua" "--metadata-file" ".meta_nav.yml" "--metadata-file" ".meta_metadata.yml" "HTML_convdir/03Features/06Theming.md"
DBG Executing command: pandoc (suppress_verbose=true)
DBG Running preprocessor 'pandoc' with args: "-f" "markdown+inline_code_attributes" "-t" "html5" "--lua-filter" "luafilters/megareplacerfilter/mega_replacer_filter.lua" "--lua-filter" "luafilters/navfilter/nav_filter.lua" "--lua-filter" "luafilters/changelogfilter/changelog_filter.lua" "--lua-filter" "luafilters/docsindexfilter/docs_index_filter.lua" "--lua-filter" "luafilters/tocfilter/toc_filter.lua" "--metadata-file" ".meta_nav.yml" "--metadata-file" ".meta_metadata.yml" "HTML_convdir/02Usage/02PrompterScreen.md"
DBG Executing command: pandoc (suppress_verbose=true)
DBG Adding metadata to pandoc conversion parameters.
DBG Running preprocessor 'pandoc' with args: "-f" "markdown+inline_code_attributes" "-t" "html5" "--lua-filter" "luafilters/megareplacerfilter/mega_replacer_filter.lua" "--lua-filter" "luafilters/navfilter/nav_filter.lua" "--lua-filter" "luafilters/changelogfilter/changelog_filter.lua" "--lua-filter" "luafilters/docsindexfilter/docs_index_filter.lua" "--lua-filter" "luafilters/tocfilter/toc_filter.lua" "--metadata-file" ".meta_nav.yml" "--metadata-file" ".meta_metadata.yml" "HTML_convdir/01Introduction.md"
DBG Executing command: pandoc (suppress_verbose=true)
DBG Command pandoc completed successfully.
DBG Command pandoc completed successfully.
DBG Command pandoc completed successfully.
DBG Command pandoc completed successfully.
DBG Command pandoc completed successfully.
DBG Command pandoc completed successfully.
DBG Command pandoc completed successfully.
DBG Command pandoc completed successfully.
DBG Command pandoc completed successfully.
DBG Command pandoc completed successfully.
DBG Command pandoc completed successfully.
DBG Command pandoc completed successfully.
DBG Command pandoc completed successfully.
DBG Command pandoc completed successfully.
DBG Command pandoc completed successfully.
DBG retrieve_output_extension -> html
DBG Writing 19 files to directory: web
DBG Populating current navigation metadata node: HTML_convdir/index.typign_md.
DBG Populating current navigation metadata node: HTML_convdir/02Usage/03DisplaySettings.md.
DBG Populating current navigation metadata node: HTML_convdir/03Features/06Theming.md.
DBG Populating current navigation metadata node: HTML_convdir/03FeaturesIntro.typ.
DBG Populating current navigation metadata node: HTML_convdir/03Features/01ScriptSaving.md.
DBG Running Preprocessors on injection.
DBG Populating current navigation metadata node: HTML_convdir/03Features/03Chapters.md.
DBG Populating current navigation metadata node: HTML_convdir/04Contributing/01FilingIssues.md.
DBG Chunking 4 input files.
DBG Created 4 preprocessing chunks.
DBG Processing chunk with extension html
DBG Running Preprocessors on injection.
DBG Populating current navigation metadata node: HTML_convdir/02UsageIntro.typ.
DBG Populating current navigation metadata node: HTML_convdir/02Usage/06SavedSettings.md.
DBG Chunking 4 input files.
DBG Created 4 preprocessing chunks.
DBG Running Preprocessors on injection.
DBG Populating current navigation metadata node: HTML_convdir/02Usage/02PrompterScreen.md.
DBG Populating current navigation metadata node: HTML_convdir/02Usage/05Keybindings.md.
DBG Populating current navigation metadata node: HTML_convdir/02Usage/01BasicConfig.md.
DBG Running Preprocessors on injection.
DBG Running Preprocessors on injection.
DBG Populating current navigation metadata node: HTML_convdir/01Introduction.md.
DBG Running Preprocessors on injection.
DBG Running Preprocessors on injection.
DBG Populating current navigation metadata node: HTML_convdir/00Defs.typ.
DBG Running Preprocessors on injection.
DBG Running Preprocessors on injection.
DBG Chunking 4 input files.
DBG Processing chunk with extension html
DBG Running preprocessor 'HTML Direct' on 1 files.
DBG preprocess_cli_args -> 0 args: []
DBG Processing chunk with extension mdl
DBG Running Preprocessors on injection.
DBG Populating current navigation metadata node: HTML_convdir/03Features/02SavedSettings.md.
DBG Running Preprocessors on injection.
DBG Processing chunk with extension html
DBG Populating current navigation metadata node: HTML_convdir/02Usage/04TextSettings.md.
DBG Processing chunk with extension html
DBG Running Preprocessors on injection.
DBG Processing chunk with extension mdl
DBG Running preprocessor 'MDL Headers' on 1 files.
DBG Chunking 4 input files.
DBG Created 4 preprocessing chunks.
DBG Populating current navigation metadata node: HTML_convdir/03Features/05ScrollAndSessionBehavior.md.
DBG Processing chunk with extension mdl
DBG Chunking 4 input files.
DBG Created 4 preprocessing chunks.
DBG Processing chunk with extension html
DBG Processing chunk with extension html
DBG Created 4 preprocessing chunks.
DBG Chunking 4 input files.
DBG Processing chunk with extension mdl
DBG Running preprocessor 'MDL Headers' on 1 files.
DBG Processing chunk with extension mdl
DBG Running preprocessor 'MDL Headers' on 1 files.
DBG Running preprocessor 'cat' with args: "custom-head-2.html"
DBG Executing command: cat (suppress_verbose=true)
DBG Chunking 4 input files.
DBG Created 4 preprocessing chunks.
DBG Processing chunk with extension html
DBG Processing chunk with extension html
DBG Running preprocessor 'HTML Direct' on 1 files.
DBG preprocess_cli_args -> 0 args: []
DBG Chunking 4 input files.
DBG Created 4 preprocessing chunks.
DBG Processing chunk with extension html
DBG Running preprocessor 'HTML Direct' on 1 files.
DBG preprocess_cli_args -> 0 args: []
DBG Running preprocessor 'cat' with args: "custom-head-1.html"
DBG Executing command: cat (suppress_verbose=true)
DBG Chunking 4 input files.
DBG Created 4 preprocessing chunks.
DBG Running preprocessor 'MDL Headers' on 1 files.
DBG Processing chunk with extension html
DBG Processing chunk with extension mdl
DBG Processing chunk with extension mdl
DBG Running preprocessor 'MDL Headers' on 1 files.
DBG Running preprocessor 'HTML Direct' on 1 files.
DBG preprocess_cli_args -> 0 args: []
DBG Running preprocessor 'cat' with args: "custom-head-1.html"
DBG Executing command: cat (suppress_verbose=true)
DBG Created 4 preprocessing chunks.
DBG Processing chunk with extension html
DBG Running preprocessor 'HTML Direct' on 1 files.
DBG preprocess_cli_args -> 0 args: []
DBG Chunking 4 input files.
DBG Created 4 preprocessing chunks.
DBG Processing chunk with extension html
DBG Running preprocessor 'HTML Direct' on 1 files.
DBG preprocess_cli_args -> 0 args: []
DBG Running preprocessor 'cat' with args: "custom-head-1.html"
DBG Running preprocessor 'HTML Direct' on 1 files.
DBG preprocess_cli_args -> 0 args: []
DBG Running preprocessor 'cat' with args: "custom-head-1.html"
DBG Executing command: cat (suppress_verbose=true)
DBG Processing chunk with extension mdl
DBG Running preprocessor 'MDL Headers' on 1 files.
DBG Processing chunk with extension mdl
DBG Running preprocessor 'MDL Headers' on 1 files.
DBG Running preprocessor 'cat' with args: "custom-head-2.html"
DBG Executing command: cat (suppress_verbose=true)
DBG Running Preprocessors on injection.
DBG Processing chunk with extension html
DBG Command cat completed successfully.
DBG Processing chunk with extension mdl
DBG Running preprocessor 'MDL Headers' on 1 files.
DBG preprocess_cli_args -> 4 args: ["-f", "markdown+inline_code_attributes", "-t", "html5"]
DBG Populating current navigation metadata node: HTML_convdir/04ContributingIntro.typ.
DBG Processing chunk with extension html
DBG Running preprocessor 'HTML Direct' on 1 files.
DBG preprocess_cli_args -> 0 args: []
DBG Running Preprocessors on injection.
DBG Processing chunk with extension html
DBG Running preprocessor 'HTML Direct' on 1 files.
DBG preprocess_cli_args -> 0 args: []
DBG Running preprocessor 'cat' with args: "custom-head-1.html"
DBG Running Preprocessors on injection.
DBG Running preprocessor 'HTML Direct' on 1 files.
DBG Command cat completed successfully.
DBG Running preprocessor 'MDL Headers' on 1 files.
DBG Chunking 4 input files.
DBG Created 4 preprocessing chunks.
DBG Command cat completed successfully.
DBG Processing chunk with extension mdl
DBG Running preprocessor 'MDL Headers' on 1 files.
DBG Processing chunk with extension html
DBG Running preprocessor 'HTML Direct' on 1 files.
DBG preprocess_cli_args -> 0 args: []
DBG Running preprocessor 'cat' with args: "custom-head-1.html"
DBG Executing command: cat (suppress_verbose=true)
DBG Processing chunk with extension mdl
DBG Running preprocessor 'MDL Headers' on 1 files.
DBG preprocess_cli_args -> 4 args: ["-f", "markdown+inline_code_attributes", "-t", "html5"]
DBG preprocess_cli_args -> 4 args: ["-f", "markdown+inline_code_attributes", "-t", "html5"]
DBG Running Preprocessors on injection.
DBG Processing chunk with extension html
DBG Running preprocessor 'HTML Direct' on 1 files.
DBG Chunking 4 input files.
DBG Created 4 preprocessing chunks.
DBG Processing chunk with extension html
DBG Running preprocessor 'HTML Direct' on 1 files.
DBG preprocess_cli_args -> 0 args: []
DBG Running preprocessor 'cat' with args: "custom-head-1.html"
DBG Executing command: cat (suppress_verbose=true)
DBG preprocess_cli_args -> 4 args: ["-f", "markdown+inline_code_attributes", "-t", "html5"]
DBG Running preprocessor 'HTML Direct' on 1 files.
DBG Adding lua filter: luafilters/megareplacerfilter/mega_replacer_filter.lua
DBG preprocess_cli_args -> 4 args: ["-f", "markdown+inline_code_attributes", "-t", "html5"]
DBG Adding lua filter: luafilters/navfilter/nav_filter.lua
DBG Processing chunk with extension mdl
DBG Adding lua filter: luafilters/changelogfilter/changelog_filter.lua
DBG Command cat completed successfully.
DBG Processing chunk with extension mdl
DBG Running preprocessor 'MDL Headers' on 1 files.
DBG Adding lua filter: luafilters/megareplacerfilter/mega_replacer_filter.lua
DBG Running Preprocessors on injection.
DBG Processing chunk with extension mdl
DBG Running preprocessor 'cat' with args: "custom-head-2.html"
DBG Executing command: cat (suppress_verbose=true)
DBG Processing chunk with extension mdl
DBG Running preprocessor 'MDL Headers' on 1 files.
DBG preprocess_cli_args -> 4 args: ["-f", "markdown+inline_code_attributes", "-t", "html5"]
DBG Processing chunk with extension mdl
DBG Adding lua filter: luafilters/megareplacerfilter/mega_replacer_filter.lua
DBG preprocess_cli_args -> 0 args: []
DBG Adding lua filter: luafilters/navfilter/nav_filter.lua
DBG preprocess_cli_args -> 4 args: ["-f", "markdown+inline_code_attributes", "-t", "html5"]
DBG Adding lua filter: luafilters/changelogfilter/changelog_filter.lua
DBG Command cat completed successfully.
DBG Processing chunk with extension html
DBG Running preprocessor 'HTML Direct' on 1 files.
DBG preprocess_cli_args -> 0 args: []
DBG Running preprocessor 'cat' with args: "custom-head-2.html"
DBG Executing command: cat (suppress_verbose=true)
DBG Processing chunk with extension html
DBG Running preprocessor 'HTML Direct' on 1 files.
DBG preprocess_cli_args -> 0 args: []
DBG Running preprocessor 'cat' with args: "custom-head-2.html"
DBG Executing command: cat (suppress_verbose=true)
DBG Adding lua filter: luafilters/megareplacerfilter/mega_replacer_filter.lua
DBG Adding lua filter: luafilters/megareplacerfilter/mega_replacer_filter.lua
DBG preprocess_cli_args -> 4 args: ["-f", "markdown+inline_code_attributes", "-t", "html5"]
DBG Command cat completed successfully.
DBG Processing chunk with extension mdl
DBG Running preprocessor 'MDL Headers' on 1 files.
DBG preprocess_cli_args -> 4 args: ["-f", "markdown+inline_code_attributes", "-t", "html5"]
DBG Running preprocessor 'HTML Direct' on 1 files.
DBG Adding lua filter: luafilters/megareplacerfilter/mega_replacer_filter.lua
DBG Processing chunk with extension mdl
DBG Running preprocessor 'MDL Headers' on 1 files.
DBG preprocess_cli_args -> 4 args: ["-f", "markdown+inline_code_attributes", "-t", "html5"]
DBG preprocess_cli_args -> 4 args: ["-f", "markdown+inline_code_attributes", "-t", "html5"]
DBG Running preprocessor 'HTML Direct' on 1 files.
DBG preprocess_cli_args -> 0 args: []
DBG Running preprocessor 'MDL Headers' on 1 files.
DBG preprocess_cli_args -> 4 args: ["-f", "markdown+inline_code_attributes", "-t", "html5"]
DBG Processing chunk with extension html
DBG Running preprocessor 'HTML Direct' on 1 files.
DBG preprocess_cli_args -> 0 args: []
DBG Processing chunk with extension mdl
DBG Running preprocessor 'MDL Headers' on 1 files.
DBG preprocess_cli_args -> 4 args: ["-f", "markdown+inline_code_attributes", "-t", "html5"]
DBG Running preprocessor 'MDL Headers' on 1 files.
DBG Adding lua filter: luafilters/megareplacerfilter/mega_replacer_filter.lua
DBG Command cat completed successfully.
DBG Processing chunk with extension mdl
DBG Adding lua filter: luafilters/navfilter/nav_filter.lua
DBG Chunking 4 input files.
DBG Adding lua filter: luafilters/changelogfilter/changelog_filter.lua
DBG Chunking 4 input files.
DBG Created 4 preprocessing chunks.
DBG Processing chunk with extension html
DBG Running preprocessor 'HTML Direct' on 1 files.
DBG preprocess_cli_args -> 0 args: []
DBG Running preprocessor 'cat' with args: "custom-head-1.html"
DBG Executing command: cat (suppress_verbose=true)
DBG Processing chunk with extension html
DBG Running preprocessor 'HTML Direct' on 1 files.
DBG preprocess_cli_args -> 0 args: []
DBG Running preprocessor 'cat' with args: "custom-head-1.html"
DBG Executing command: cat (suppress_verbose=true)
DBG Processing chunk with extension mdl
DBG Running preprocessor 'MDL Headers' on 1 files.
DBG preprocess_cli_args -> 4 args: ["-f", "markdown+inline_code_attributes", "-t", "html5"]
DBG Running preprocessor 'cat' with args: "custom-head-2.html"
DBG Executing command: cat (suppress_verbose=true)
DBG Adding lua filter: luafilters/navfilter/nav_filter.lua
DBG preprocess_cli_args -> 0 args: []
DBG Running preprocessor 'cat' with args: "custom-head-2.html"
DBG Executing command: cat (suppress_verbose=true)
DBG Adding lua filter: luafilters/megareplacerfilter/mega_replacer_filter.lua
DBG Executing command: cat (suppress_verbose=true)
DBG Running Preprocessors on injection.
DBG preprocess_cli_args -> 0 args: []
DBG Running preprocessor 'cat' with args: "custom-head-1.html"
DBG Executing command: cat (suppress_verbose=true)
DBG Command cat completed successfully.
DBG Processing chunk with extension html
DBG Running preprocessor 'HTML Direct' on 1 files.
DBG Adding lua filter: luafilters/megareplacerfilter/mega_replacer_filter.lua
DBG Adding lua filter: luafilters/megareplacerfilter/mega_replacer_filter.lua
DBG Running preprocessor 'cat' with args: "custom-head-2.html"
DBG Executing command: cat (suppress_verbose=true)
DBG Adding lua filter: luafilters/navfilter/nav_filter.lua
DBG Adding lua filter: luafilters/docsindexfilter/docs_index_filter.lua
DBG Running preprocessor 'cat' with args: "custom-head-1.html"
DBG Executing command: cat (suppress_verbose=true)
DBG preprocess_cli_args -> 4 args: ["-f", "markdown+inline_code_attributes", "-t", "html5"]
DBG preprocess_cli_args -> 4 args: ["-f", "markdown+inline_code_attributes", "-t", "html5"]
DBG Adding lua filter: luafilters/megareplacerfilter/mega_replacer_filter.lua
DBG Chunking 4 input files.
DBG Adding lua filter: luafilters/megareplacerfilter/mega_replacer_filter.lua
DBG Adding lua filter: luafilters/navfilter/nav_filter.lua
DBG Created 4 preprocessing chunks.
DBG Processing chunk with extension html
DBG Running preprocessor 'MDL Headers' on 1 files.
DBG Adding lua filter: luafilters/docsindexfilter/docs_index_filter.lua
DBG Processing chunk with extension mdl
DBG Running preprocessor 'cat' with args: "custom-head-2.html"
DBG Executing command: cat (suppress_verbose=true)
DBG Populating current navigation metadata node: HTML_convdir/03Features/04CustomFonts.md.
DBG Adding lua filter: luafilters/megareplacerfilter/mega_replacer_filter.lua
DBG Running Preprocessors on injection.
DBG Processing chunk with extension html
DBG Running preprocessor 'HTML Direct' on 1 files.
DBG preprocess_cli_args -> 0 args: []
DBG Running preprocessor 'cat' with args: "custom-head-2.html"
DBG Executing command: cat (suppress_verbose=true)
DBG Processing chunk with extension mdl
DBG Running preprocessor 'MDL Headers' on 1 files.
DBG preprocess_cli_args -> 4 args: ["-f", "markdown+inline_code_attributes", "-t", "html5"]
DBG Adding lua filter: luafilters/navfilter/nav_filter.lua
DBG Command cat completed successfully.
DBG Processing chunk with extension mdl
DBG Running preprocessor 'MDL Headers' on 1 files.
DBG preprocess_cli_args -> 4 args: ["-f", "markdown+inline_code_attributes", "-t", "html5"]
DBG Chunking 4 input files.
DBG Adding lua filter: luafilters/megareplacerfilter/mega_replacer_filter.lua
DBG Chunking 4 input files.
DBG Created 4 preprocessing chunks.
DBG Processing chunk with extension html
DBG Running preprocessor 'HTML Direct' on 1 files.
DBG preprocess_cli_args -> 0 args: []
DBG Adding lua filter: luafilters/navfilter/nav_filter.lua
DBG Chunking 4 input files.
DBG Command cat completed successfully.
DBG Processing chunk with extension html
DBG Running preprocessor 'HTML Direct' on 1 files.
DBG preprocess_cli_args -> 0 args: []
DBG Running preprocessor 'cat' with args: "custom-head-2.html"
DBG preprocess_cli_args -> 4 args: ["-f", "markdown+inline_code_attributes", "-t", "html5"]
DBG Created 4 preprocessing chunks.
DBG Processing chunk with extension html
DBG Running preprocessor 'HTML Direct' on 1 files.
DBG preprocess_cli_args -> 0 args: []
DBG Running preprocessor 'cat' with args: "custom-head-1.html"
DBG Executing command: cat (suppress_verbose=true)
DBG preprocess_cli_args -> 4 args: ["-f", "markdown+inline_code_attributes", "-t", "html5"]
DBG Command cat completed successfully.
DBG Processing chunk with extension mdl
DBG Adding lua filter: luafilters/megareplacerfilter/mega_replacer_filter.lua
DBG preprocess_cli_args -> 4 args: ["-f", "markdown+inline_code_attributes", "-t", "html5"]
DBG Adding lua filter: luafilters/navfilter/nav_filter.lua
DBG Adding lua filter: luafilters/docsindexfilter/docs_index_filter.lua
DBG Adding lua filter: luafilters/megareplacerfilter/mega_replacer_filter.lua
DBG Chunking 4 input files.
DBG Created 4 preprocessing chunks.
DBG Processing chunk with extension html
DBG Running preprocessor 'HTML Direct' on 1 files.
DBG preprocess_cli_args -> 0 args: []
DBG Running preprocessor 'cat' with args: "custom-head-1.html"
DBG Executing command: cat (suppress_verbose=true)
DBG Adding lua filter: luafilters/megareplacerfilter/mega_replacer_filter.lua
DBG Running preprocessor 'MDL Headers' on 1 files.
DBG Adding lua filter: luafilters/changelogfilter/changelog_filter.lua
DBG Adding lua filter: luafilters/navfilter/nav_filter.lua
DBG Command cat completed successfully.
DBG Processing chunk with extension html
DBG Running preprocessor 'HTML Direct' on 1 files.
DBG preprocess_cli_args -> 0 args: []
DBG Running preprocessor 'cat' with args: "custom-head-2.html"
DBG Executing command: cat (suppress_verbose=true)
DBG preprocess_cli_args -> 0 args: []
DBG Running preprocessor 'cat' with args: "custom-head-2.html"
DBG Adding lua filter: luafilters/navfilter/nav_filter.lua
DBG preprocess_cli_args -> 0 args: []
DBG Running preprocessor 'cat' with args: "custom-head-2.html"
DBG Executing command: cat (suppress_verbose=true)
DBG Running preprocessor 'cat' with args: "custom-head-1.html"
DBG Executing command: cat (suppress_verbose=true)
DBG Adding lua filter: luafilters/megareplacerfilter/mega_replacer_filter.lua
DBG Command cat completed successfully.
DBG Processing chunk with extension mdl
DBG Adding lua filter: luafilters/navfilter/nav_filter.lua
DBG Adding lua filter: luafilters/navfilter/nav_filter.lua
DBG Adding lua filter: luafilters/changelogfilter/changelog_filter.lua
DBG Executing command: cat (suppress_verbose=true)
DBG Adding lua filter: luafilters/megareplacerfilter/mega_replacer_filter.lua
DBG Running preprocessor 'MDL Headers' on 1 files.
DBG preprocess_cli_args -> 4 args: ["-f", "markdown+inline_code_attributes", "-t", "html5"]
DBG Adding lua filter: luafilters/changelogfilter/changelog_filter.lua
DBG Adding lua filter: luafilters/megareplacerfilter/mega_replacer_filter.lua
DBG Running preprocessor 'HTML Direct' on 1 files.
DBG Adding lua filter: luafilters/navfilter/nav_filter.lua
DBG Running preprocessor 'MDL Headers' on 1 files.
DBG Running preprocessor 'MDL Headers' on 1 files.
DBG preprocess_cli_args -> 4 args: ["-f", "markdown+inline_code_attributes", "-t", "html5"]
DBG Adding lua filter: luafilters/navfilter/nav_filter.lua
DBG Command cat completed successfully.
DBG Processing chunk with extension mdl
DBG Running preprocessor 'MDL Headers' on 1 files.
DBG preprocess_cli_args -> 4 args: ["-f", "markdown+inline_code_attributes", "-t", "html5"]
DBG Adding lua filter: luafilters/tocfilter/toc_filter.lua
DBG Adding lua filter: luafilters/megareplacerfilter/mega_replacer_filter.lua
DBG Processing chunk with extension html
DBG Adding lua filter: luafilters/navfilter/nav_filter.lua
DBG Running preprocessor 'HTML Direct' on 1 files.
DBG preprocess_cli_args -> 0 args: []
DBG Adding lua filter: luafilters/megareplacerfilter/mega_replacer_filter.lua
DBG Command cat completed successfully.
DBG Processing chunk with extension html
DBG Running preprocessor 'HTML Direct' on 1 files.
DBG preprocess_cli_args -> 0 args: []
DBG Running preprocessor 'cat' with args: "custom-head-2.html"
DBG Executing command: cat (suppress_verbose=true)
DBG Adding lua filter: luafilters/changelogfilter/changelog_filter.lua
DBG Command cat completed successfully.
DBG Processing chunk with extension mdl
DBG Running preprocessor 'MDL Headers' on 1 files.
DBG preprocess_cli_args -> 4 args: ["-f", "markdown+inline_code_attributes", "-t", "html5"]
DBG Adding lua filter: luafilters/megareplacerfilter/mega_replacer_filter.lua
DBG Adding lua filter: luafilters/megareplacerfilter/mega_replacer_filter.lua
DBG Adding lua filter: luafilters/changelogfilter/changelog_filter.lua
DBG Adding lua filter: luafilters/changelogfilter/changelog_filter.lua
DBG Adding lua filter: luafilters/changelogfilter/changelog_filter.lua
DBG Running preprocessor 'MDL Headers' on 1 files.
DBG preprocess_cli_args -> 4 args: ["-f", "markdown+inline_code_attributes", "-t", "html5"]
DBG Executing command: cat (suppress_verbose=true)
DBG Adding lua filter: luafilters/megareplacerfilter/mega_replacer_filter.lua
DBG Command cat completed successfully.
DBG Processing chunk with extension mdl
DBG Running preprocessor 'MDL Headers' on 1 files.
DBG preprocess_cli_args -> 4 args: ["-f", "markdown+inline_code_attributes", "-t", "html5"]
DBG Adding lua filter: luafilters/docsindexfilter/docs_index_filter.lua
DBG Adding lua filter: luafilters/megareplacerfilter/mega_replacer_filter.lua
DBG Command cat completed successfully.
DBG Adding lua filter: luafilters/navfilter/nav_filter.lua
DBG Adding lua filter: luafilters/changelogfilter/changelog_filter.lua
DBG Command cat completed successfully.
DBG Processing chunk with extension mdl
DBG Running preprocessor 'MDL Headers' on 1 files.
DBG preprocess_cli_args -> 4 args: ["-f", "markdown+inline_code_attributes", "-t", "html5"]
DBG Running preprocessor 'HTML Direct' on 1 files.
DBG preprocess_cli_args -> 0 args: []
DBG Running preprocessor 'cat' with args: "custom-head-2.html"
DBG Executing command: cat (suppress_verbose=true)
DBG Command cat completed successfully.
DBG Processing chunk with extension mdl
DBG Running preprocessor 'MDL Headers' on 1 files.
DBG preprocess_cli_args -> 4 args: ["-f", "markdown+inline_code_attributes", "-t", "html5"]
DBG preprocess_cli_args -> 4 args: ["-f", "markdown+inline_code_attributes", "-t", "html5"]
DBG Adding lua filter: luafilters/megareplacerfilter/mega_replacer_filter.lua
DBG Running preprocessor 'cat' with args: "custom-head-1.html"
DBG Adding lua filter: luafilters/navfilter/nav_filter.lua
DBG Adding lua filter: luafilters/changelogfilter/changelog_filter.lua
DBG Adding lua filter: luafilters/changelogfilter/changelog_filter.lua
DBG Adding lua filter: luafilters/navfilter/nav_filter.lua
DBG Adding lua filter: luafilters/docsindexfilter/docs_index_filter.lua
DBG Adding lua filter: luafilters/docsindexfilter/docs_index_filter.lua
DBG Adding lua filter: luafilters/tocfilter/toc_filter.lua
DBG Created 4 preprocessing chunks.
DBG Adding lua filter: luafilters/tocfilter/toc_filter.lua
DBG Command cat completed successfully.
DBG Processing chunk with extension html
DBG Running preprocessor 'HTML Direct' on 1 files.
DBG preprocess_cli_args -> 0 args: []
DBG Running preprocessor 'cat' with args: "custom-head-2.html"
DBG Executing command: cat (suppress_verbose=true)
DBG Adding lua filter: luafilters/navfilter/nav_filter.lua
DBG Adding lua filter: luafilters/navfilter/nav_filter.lua
DBG Adding lua filter: luafilters/docsindexfilter/docs_index_filter.lua
DBG Adding lua filter: luafilters/changelogfilter/changelog_filter.lua
DBG Adding lua filter: luafilters/docsindexfilter/docs_index_filter.lua
DBG Adding lua filter: luafilters/docsindexfilter/docs_index_filter.lua
DBG Adding lua filter: luafilters/docsindexfilter/docs_index_filter.lua
DBG Adding lua filter: luafilters/tocfilter/toc_filter.lua
DBG Adding lua filter: luafilters/changelogfilter/changelog_filter.lua
DBG Adding lua filter: luafilters/tocfilter/toc_filter.lua
DBG Adding lua filter: luafilters/navfilter/nav_filter.lua
DBG Adding lua filter: luafilters/docsindexfilter/docs_index_filter.lua
DBG Adding lua filter: luafilters/navfilter/nav_filter.lua
DBG Adding lua filter: luafilters/changelogfilter/changelog_filter.lua
DBG preprocess_cli_args -> 0 args: []
DBG Adding lua filter: luafilters/changelogfilter/changelog_filter.lua
DBG Processing chunk with extension mdl
DBG Running preprocessor 'MDL Headers' on 1 files.
DBG preprocess_cli_args -> 4 args: ["-f", "markdown+inline_code_attributes", "-t", "html5"]
DBG Adding lua filter: luafilters/tocfilter/toc_filter.lua
DBG Adding lua filter: luafilters/megareplacerfilter/mega_replacer_filter.lua
DBG add_lua_filters -> filters processed.
DBG Adding metadata to pandoc conversion parameters.
DBG Adding lua filter: luafilters/changelogfilter/changelog_filter.lua
DBG Command cat completed successfully.
DBG Adding lua filter: luafilters/changelogfilter/changelog_filter.lua
DBG Adding lua filter: luafilters/navfilter/nav_filter.lua
DBG add_lua_filters -> filters processed.
DBG Adding metadata to pandoc conversion parameters.
DBG Adding lua filter: luafilters/changelogfilter/changelog_filter.lua
DBG Found current node '5_02PrompterScreen'
DBG Command cat completed successfully.
DBG Processing chunk with extension mdl
DBG Running preprocessor 'MDL Headers' on 1 files.
DBG preprocess_cli_args -> 4 args: ["-f", "markdown+inline_code_attributes", "-t", "html5"]
DBG Adding lua filter: luafilters/docsindexfilter/docs_index_filter.lua
DBG Adding lua filter: luafilters/megareplacerfilter/mega_replacer_filter.lua
DBG Adding lua filter: luafilters/changelogfilter/changelog_filter.lua
DBG Command cat completed successfully.
DBG Processing chunk with extension html
DBG Running preprocessor 'HTML Direct' on 1 files.
DBG preprocess_cli_args -> 0 args: []
DBG Running preprocessor 'cat' with args: "custom-head-2.html"
DBG Executing command: cat (suppress_verbose=true)
DBG Adding lua filter: luafilters/navfilter/nav_filter.lua
DBG Executing command: cat (suppress_verbose=true)
DBG Created 4 preprocessing chunks.
DBG Processing chunk with extension html
DBG Running preprocessor 'HTML Direct' on 1 files.
DBG preprocess_cli_args -> 0 args: []
DBG Running preprocessor 'cat' with args: "custom-head-1.html"
DBG Executing command: cat (suppress_verbose=true)
DBG Adding lua filter: luafilters/tocfilter/toc_filter.lua
DBG Adding lua filter: luafilters/tocfilter/toc_filter.lua
DBG Adding lua filter: luafilters/tocfilter/toc_filter.lua
DBG add_lua_filters -> filters processed.
DBG Adding metadata to pandoc conversion parameters.
DBG add_lua_filters -> filters processed.
DBG Adding metadata to pandoc conversion parameters.
DBG Adding lua filter: luafilters/navfilter/nav_filter.lua
DBG Found current node '18_01FilingIssues'
DBG Running preprocessor 'cat' with args: "custom-head-1.html"
DBG Executing command: cat (suppress_verbose=true)
DBG Command cat completed successfully.
DBG Processing chunk with extension mdl
DBG Running preprocessor 'MDL Headers' on 1 files.
DBG preprocess_cli_args -> 4 args: ["-f", "markdown+inline_code_attributes", "-t", "html5"]
DBG Adding lua filter: luafilters/docsindexfilter/docs_index_filter.lua
DBG Adding lua filter: luafilters/megareplacerfilter/mega_replacer_filter.lua
DBG Adding lua filter: luafilters/navfilter/nav_filter.lua
DBG Adding lua filter: luafilters/navfilter/nav_filter.lua
DBG Found current node '9_06SavedSettings'
DBG Adding lua filter: luafilters/changelogfilter/changelog_filter.lua
DBG Processing chunk with extension mdl
DBG Running preprocessor 'MDL Headers' on 1 files.
DBG preprocess_cli_args -> 4 args: ["-f", "markdown+inline_code_attributes", "-t", "html5"]
DBG Adding lua filter: luafilters/changelogfilter/changelog_filter.lua
DBG Adding lua filter: luafilters/megareplacerfilter/mega_replacer_filter.lua
DBG Adding lua filter: luafilters/docsindexfilter/docs_index_filter.lua
DBG Adding lua filter: luafilters/navfilter/nav_filter.lua
DBG Command cat completed successfully.
DBG Processing chunk with extension html
DBG Running preprocessor 'HTML Direct' on 1 files.
DBG preprocess_cli_args -> 0 args: []
DBG Running preprocessor 'cat' with args: "custom-head-2.html"
DBG Executing command: cat (suppress_verbose=true)
DBG Adding lua filter: luafilters/navfilter/nav_filter.lua
DBG add_lua_filters -> filters processed.
DBG Adding metadata to pandoc conversion parameters.
DBG Processing chunk with extension html
DBG Running preprocessor 'HTML Direct' on 1 files.
DBG preprocess_cli_args -> 0 args: []
DBG Running preprocessor 'cat' with args: "custom-head-1.html"
DBG Executing command: cat (suppress_verbose=true)
DBG Command cat completed successfully.
DBG Processing chunk with extension mdl
DBG Running preprocessor 'MDL Headers' on 1 files.
DBG preprocess_cli_args -> 4 args: ["-f", "markdown+inline_code_attributes", "-t", "html5"]
DBG add_lua_filters -> filters processed.
DBG Adding metadata to pandoc conversion parameters.
DBG Command cat completed successfully.
DBG Found current node '11_01ScriptSaving'
DBG Adding lua filter: luafilters/docsindexfilter/docs_index_filter.lua
DBG Adding lua filter: luafilters/tocfilter/toc_filter.lua
DBG Adding lua filter: luafilters/docsindexfilter/docs_index_filter.lua
DBG Adding lua filter: luafilters/changelogfilter/changelog_filter.lua
DBG Adding lua filter: luafilters/tocfilter/toc_filter.lua
DBG Adding lua filter: luafilters/docsindexfilter/docs_index_filter.lua
DBG add_lua_filters -> filters processed.
DBG Adding metadata to pandoc conversion parameters.
DBG Adding lua filter: luafilters/changelogfilter/changelog_filter.lua
DBG Found current node '13_03Chapters'
DBG Wrote current node metadata. Adding current node metadata to pandoc conversion parameters.
DBG Adding metadata to pandoc conversion parameters.
DBG Adding lua filter: luafilters/tocfilter/toc_filter.lua
DBG Wrote current node metadata. Adding current node metadata to pandoc conversion parameters.
DBG add_lua_filters -> filters processed.
DBG Adding lua filter: luafilters/changelogfilter/changelog_filter.lua
DBG Adding lua filter: luafilters/docsindexfilter/docs_index_filter.lua
DBG Adding lua filter: luafilters/docsindexfilter/docs_index_filter.lua
DBG Adding lua filter: luafilters/tocfilter/toc_filter.lua
DBG Wrote current node metadata. Adding current node metadata to pandoc conversion parameters.
DBG Adding metadata to pandoc conversion parameters.
DBG Adding lua filter: luafilters/docsindexfilter/docs_index_filter.lua
DBG Executing command: cat (suppress_verbose=true)
DBG Adding lua filter: luafilters/navfilter/nav_filter.lua
DBG Adding lua filter: luafilters/tocfilter/toc_filter.lua
DBG Adding lua filter: luafilters/changelogfilter/changelog_filter.lua
DBG add_lua_filters -> filters processed.
DBG Adding metadata to pandoc conversion parameters.
DBG Command cat completed successfully.
DBG Command cat completed successfully.
DBG Wrote current node metadata. Adding current node metadata to pandoc conversion parameters.
DBG Adding metadata to pandoc conversion parameters.
DBG Adding lua filter: luafilters/docsindexfilter/docs_index_filter.lua
DBG Adding lua filter: luafilters/changelogfilter/changelog_filter.lua
DBG Adding lua filter: luafilters/tocfilter/toc_filter.lua
DBG Found current node '15_05ScrollAndSessionBehavior'
DBG Adding lua filter: luafilters/docsindexfilter/docs_index_filter.lua
DBG add_lua_filters -> filters processed.
DBG Adding metadata to pandoc conversion parameters.
DBG Adding lua filter: luafilters/tocfilter/toc_filter.lua
DBG Adding lua filter: luafilters/changelogfilter/changelog_filter.lua
DBG Command cat completed successfully.
DBG Adding lua filter: luafilters/megareplacerfilter/mega_replacer_filter.lua
DBG add_lua_filters -> filters processed.
DBG Adding metadata to pandoc conversion parameters.
DBG add_lua_filters -> filters processed.
DBG Found current node '3_02UsageIntro'
DBG Adding lua filter: luafilters/tocfilter/toc_filter.lua
DBG add_lua_filters -> filters processed.
DBG Adding metadata to pandoc conversion parameters.
DBG Wrote current node metadata. Adding current node metadata to pandoc conversion parameters.
DBG Adding metadata to pandoc conversion parameters.
DBG Adding lua filter: luafilters/docsindexfilter/docs_index_filter.lua
DBG Adding lua filter: luafilters/tocfilter/toc_filter.lua
DBG Adding lua filter: luafilters/tocfilter/toc_filter.lua
DBG Adding lua filter: luafilters/megareplacerfilter/mega_replacer_filter.lua
DBG Adding metadata to pandoc conversion parameters.
DBG Adding lua filter: luafilters/megareplacerfilter/mega_replacer_filter.lua
DBG Adding metadata to pandoc conversion parameters.
DBG Adding metadata to pandoc conversion parameters.
DBG Adding lua filter: luafilters/docsindexfilter/docs_index_filter.lua
DBG Adding lua filter: luafilters/docsindexfilter/docs_index_filter.lua
DBG Running preprocessor 'HTML Direct' on 1 files.
DBG preprocess_cli_args -> 0 args: []
DBG Adding lua filter: luafilters/tocfilter/toc_filter.lua
DBG Command cat completed successfully.
DBG Adding lua filter: luafilters/megareplacerfilter/mega_replacer_filter.lua
DBG Adding metadata to pandoc conversion parameters.
DBG Adding lua filter: luafilters/tocfilter/toc_filter.lua
DBG Running preprocessor 'pandoc' with args: "-f" "markdown+inline_code_attributes" "-t" "html5" "--lua-filter" "luafilters/megareplacerfilter/mega_replacer_filter.lua" "--lua-filter" "luafilters/navfilter/nav_filter.lua" "--lua-filter" "luafilters/changelogfilter/changelog_filter.lua" "--lua-filter" "luafilters/docsindexfilter/docs_index_filter.lua" "--lua-filter" "luafilters/tocfilter/toc_filter.lua" "--metadata-file" ".meta_nav.yml" "--metadata-file" ".9_06SavedSettings06SavedSettings.html.yml" "--metadata-file" ".meta_metadata.yml" "custom-nav.mdl"
DBG Executing command: pandoc (suppress_verbose=true)
DBG preprocess_cli_args -> 4 args: ["-f", "markdown+inline_code_attributes", "-t", "html5"]
DBG Adding lua filter: luafilters/docsindexfilter/docs_index_filter.lua
DBG Adding lua filter: luafilters/megareplacerfilter/mega_replacer_filter.lua
DBG Command cat completed successfully.
DBG Adding lua filter: luafilters/navfilter/nav_filter.lua
DBG Adding metadata to pandoc conversion parameters.
DBG Command cat completed successfully.
DBG Running preprocessor 'pandoc' with args: "-f" "markdown+inline_code_attributes" "-t" "html5" "--lua-filter" "luafilters/megareplacerfilter/mega_replacer_filter.lua" "--lua-filter" "luafilters/navfilter/nav_filter.lua" "--lua-filter" "luafilters/changelogfilter/changelog_filter.lua" "--lua-filter" "luafilters/docsindexfilter/docs_index_filter.lua" "--lua-filter" "luafilters/tocfilter/toc_filter.lua" "--metadata-file" ".meta_nav.yml" "--metadata-file" ".5_02PrompterScreen02PrompterScreen.html.yml" "--metadata-file" ".meta_metadata.yml" "custom-nav.mdl"
DBG Executing command: pandoc (suppress_verbose=true)
DBG Adding lua filter: luafilters/changelogfilter/changelog_filter.lua
DBG Command cat completed successfully.
DBG Adding lua filter: luafilters/docsindexfilter/docs_index_filter.lua
DBG Wrote current node metadata. Adding current node metadata to pandoc conversion parameters.
DBG Adding metadata to pandoc conversion parameters.
DBG Adding lua filter: luafilters/docsindexfilter/docs_index_filter.lua
DBG Adding lua filter: luafilters/navfilter/nav_filter.lua
DBG Processing chunk with extension mdl
DBG Running preprocessor 'MDL Headers' on 1 files.
DBG preprocess_cli_args -> 4 args: ["-f", "markdown+inline_code_attributes", "-t", "html5"]
DBG add_lua_filters -> filters processed.
DBG Adding metadata to pandoc conversion parameters.
DBG Found current node '1_00Defs'
DBG Wrote current node metadata. Adding current node metadata to pandoc conversion parameters.
DBG Adding metadata to pandoc conversion parameters.
DBG Adding metadata to pandoc conversion parameters.
DBG Adding lua filter: luafilters/docsindexfilter/docs_index_filter.lua
DBG add_lua_filters -> filters processed.
DBG Adding metadata to pandoc conversion parameters.
DBG add_lua_filters -> filters processed.
DBG Adding metadata to pandoc conversion parameters.
DBG Adding lua filter: luafilters/navfilter/nav_filter.lua
DBG Running preprocessor 'pandoc' with args: "-f" "markdown+inline_code_attributes" "-t" "html5" "--lua-filter" "luafilters/megareplacerfilter/mega_replacer_filter.lua" "--lua-filter" "luafilters/navfilter/nav_filter.lua" "--lua-filter" "luafilters/changelogfilter/changelog_filter.lua" "--lua-filter" "luafilters/docsindexfilter/docs_index_filter.lua" "--lua-filter" "luafilters/tocfilter/toc_filter.lua" "--metadata-file" ".meta_nav.yml" "--metadata-file" ".18_01FilingIssues01FilingIssues.html.yml" "--metadata-file" ".meta_metadata.yml" "custom-nav.mdl"
DBG Executing command: pandoc (suppress_verbose=true)
DBG Adding metadata to pandoc conversion parameters.
DBG Found current node '6_03DisplaySettings'
DBG Adding lua filter: luafilters/tocfilter/toc_filter.lua
DBG add_lua_filters -> filters processed.
DBG Adding metadata to pandoc conversion parameters.
DBG Adding lua filter: luafilters/tocfilter/toc_filter.lua
DBG add_lua_filters -> filters processed.
DBG Adding metadata to pandoc conversion parameters.
DBG Adding lua filter: luafilters/changelogfilter/changelog_filter.lua
DBG Command cat completed successfully.
DBG add_lua_filters -> filters processed.
DBG Adding metadata to pandoc conversion parameters.
DBG Found current node '4_01BasicConfig'
DBG Adding lua filter: luafilters/tocfilter/toc_filter.lua
DBG Adding lua filter: luafilters/tocfilter/toc_filter.lua
DBG Adding lua filter: luafilters/changelogfilter/changelog_filter.lua
DBG add_lua_filters -> filters processed.
DBG add_lua_filters -> filters processed.
DBG Adding metadata to pandoc conversion parameters.
DBG Found current node '2_01Introduction'
DBG Found current node '2_01Introduction'
DBG Adding lua filter: luafilters/tocfilter/toc_filter.lua
DBG Adding metadata to pandoc conversion parameters.
DBG Adding lua filter: luafilters/tocfilter/toc_filter.lua
DBG Adding metadata to pandoc conversion parameters.
DBG Adding lua filter: luafilters/changelogfilter/changelog_filter.lua
DBG Found current node '15_05ScrollAndSessionBehavior'
DBG Adding lua filter: luafilters/tocfilter/toc_filter.lua
DBG Adding lua filter: luafilters/megareplacerfilter/mega_replacer_filter.lua
DBG Found current node '9_06SavedSettings'
DBG preprocess_cli_args -> 4 args: ["-f", "markdown+inline_code_attributes", "-t", "html5"]
DBG Adding metadata to pandoc conversion parameters.
DBG Adding lua filter: luafilters/megareplacerfilter/mega_replacer_filter.lua
DBG Running preprocessor 'pandoc' with args: "-f" "markdown+inline_code_attributes" "-t" "html5" "--lua-filter" "luafilters/megareplacerfilter/mega_replacer_filter.lua" "--lua-filter" "luafilters/navfilter/nav_filter.lua" "--lua-filter" "luafilters/changelogfilter/changelog_filter.lua" "--lua-filter" "luafilters/docsindexfilter/docs_index_filter.lua" "--lua-filter" "luafilters/tocfilter/toc_filter.lua" "--metadata-file" ".meta_nav.yml" "--metadata-file" ".11_01ScriptSaving01ScriptSaving.html.yml" "--metadata-file" ".meta_metadata.yml" "custom-nav.mdl"
DBG Executing command: pandoc (suppress_verbose=true)
DBG Found current node '7_04TextSettings'
DBG Command cat completed successfully.
DBG Found current node '7_04TextSettings'
DBG Adding lua filter: luafilters/changelogfilter/changelog_filter.lua
DBG Adding lua filter: luafilters/navfilter/nav_filter.lua
DBG Running preprocessor 'pandoc' with args: "-f" "markdown+inline_code_attributes" "-t" "html5" "--lua-filter" "luafilters/megareplacerfilter/mega_replacer_filter.lua" "--lua-filter" "luafilters/navfilter/nav_filter.lua" "--lua-filter" "luafilters/changelogfilter/changelog_filter.lua" "--lua-filter" "luafilters/docsindexfilter/docs_index_filter.lua" "--lua-filter" "luafilters/tocfilter/toc_filter.lua" "--metadata-file" ".meta_nav.yml" "--metadata-file" ".13_03Chapters03Chapters.html.yml" "--metadata-file" ".meta_metadata.yml" "custom-nav.mdl"
DBG Executing command: pandoc (suppress_verbose=true)
DBG Adding lua filter: luafilters/changelogfilter/changelog_filter.lua
DBG Running preprocessor 'cat' with args: "custom-head-1.html"
DBG Executing command: cat (suppress_verbose=true)
DBG Adding lua filter: luafilters/docsindexfilter/docs_index_filter.lua
DBG Adding lua filter: luafilters/navfilter/nav_filter.lua
DBG Adding lua filter: luafilters/tocfilter/toc_filter.lua
DBG Adding lua filter: luafilters/docsindexfilter/docs_index_filter.lua
DBG Adding lua filter: luafilters/changelogfilter/changelog_filter.lua
DBG add_lua_filters -> filters processed.
DBG Adding metadata to pandoc conversion parameters.
DBG Adding metadata to pandoc conversion parameters.
DBG Adding lua filter: luafilters/docsindexfilter/docs_index_filter.lua
DBG Adding lua filter: luafilters/docsindexfilter/docs_index_filter.lua
DBG add_lua_filters -> filters processed.
DBG Adding metadata to pandoc conversion parameters.
DBG Wrote current node metadata. Adding current node metadata to pandoc conversion parameters.
DBG Found current node '16_06Theming'
DBG Running preprocessor 'pandoc' with args: "-f" "markdown+inline_code_attributes" "-t" "html5" "--lua-filter" "luafilters/megareplacerfilter/mega_replacer_filter.lua" "--lua-filter" "luafilters/navfilter/nav_filter.lua" "--lua-filter" "luafilters/changelogfilter/changelog_filter.lua" "--lua-filter" "luafilters/docsindexfilter/docs_index_filter.lua" "--lua-filter" "luafilters/tocfilter/toc_filter.lua" "--metadata-file" ".meta_nav.yml" "--metadata-file" ".15_05ScrollAndSessionBehavior05ScrollAndSessionBehavior.html.yml" "--metadata-file" ".meta_metadata.yml" "custom-head-headers.mdl"
DBG Executing command: pandoc (suppress_verbose=true)
DBG add_lua_filters -> filters processed.
DBG Adding metadata to pandoc conversion parameters.
DBG Wrote current node metadata. Adding current node metadata to pandoc conversion parameters.
DBG Adding metadata to pandoc conversion parameters.
DBG add_lua_filters -> filters processed.
DBG Adding metadata to pandoc conversion parameters.
DBG Adding lua filter: luafilters/navfilter/nav_filter.lua
DBG Found current node '12_02SavedSettings'
DBG Running preprocessor 'pandoc' with args: "-f" "markdown+inline_code_attributes" "-t" "html5" "--lua-filter" "luafilters/megareplacerfilter/mega_replacer_filter.lua" "--lua-filter" "luafilters/navfilter/nav_filter.lua" "--lua-filter" "luafilters/changelogfilter/changelog_filter.lua" "--lua-filter" "luafilters/docsindexfilter/docs_index_filter.lua" "--lua-filter" "luafilters/tocfilter/toc_filter.lua" "--metadata-file" ".meta_nav.yml" "--metadata-file" ".3_02UsageIntro02UsageIntro.html.yml" "--metadata-file" ".meta_metadata.yml" "custom-head-headers.mdl"
DBG Executing command: pandoc (suppress_verbose=true)
DBG Wrote current node metadata. Adding current node metadata to pandoc conversion parameters.
DBG Adding metadata to pandoc conversion parameters.
DBG Wrote current node metadata. Adding current node metadata to pandoc conversion parameters.
DBG Adding metadata to pandoc conversion parameters.
DBG Wrote current node metadata. Adding current node metadata to pandoc conversion parameters.
DBG Adding metadata to pandoc conversion parameters.
DBG Found current node '1_00Defs'
DBG add_lua_filters -> filters processed.
DBG Adding metadata to pandoc conversion parameters.
DBG Wrote current node metadata. Adding current node metadata to pandoc conversion parameters.
DBG Adding metadata to pandoc conversion parameters.
DBG add_lua_filters -> filters processed.
DBG Adding metadata to pandoc conversion parameters.
DBG Found current node '12_02SavedSettings'
DBG Found current node '17_04ContributingIntro'
DBG Found current node '13_03Chapters'
DBG Found current node '0_index'
DBG Wrote current node metadata. Adding current node metadata to pandoc conversion parameters.
DBG Adding metadata to pandoc conversion parameters.
DBG Adding metadata to pandoc conversion parameters.
DBG add_lua_filters -> filters processed.
DBG Adding metadata to pandoc conversion parameters.
DBG Wrote current node metadata. Adding current node metadata to pandoc conversion parameters.
DBG Adding metadata to pandoc conversion parameters.
DBG Found current node '3_02UsageIntro'
DBG Found current node '18_01FilingIssues'
DBG Adding lua filter: luafilters/docsindexfilter/docs_index_filter.lua
DBG Adding metadata to pandoc conversion parameters.
DBG Wrote current node metadata. Adding current node metadata to pandoc conversion parameters.
DBG Running preprocessor 'pandoc' with args: "-f" "markdown+inline_code_attributes" "-t" "html5" "--lua-filter" "luafilters/megareplacerfilter/mega_replacer_filter.lua" "--lua-filter" "luafilters/navfilter/nav_filter.lua" "--lua-filter" "luafilters/changelogfilter/changelog_filter.lua" "--lua-filter" "luafilters/docsindexfilter/docs_index_filter.lua" "--lua-filter" "luafilters/tocfilter/toc_filter.lua" "--metadata-file" ".meta_nav.yml" "--metadata-file" ".16_06Theming06Theming.html.yml" "--metadata-file" ".meta_metadata.yml" "custom-head-headers.mdl"
DBG Executing command: pandoc (suppress_verbose=true)
DBG Adding lua filter: luafilters/tocfilter/toc_filter.lua
DBG Wrote current node metadata. Adding current node metadata to pandoc conversion parameters.
DBG Adding metadata to pandoc conversion parameters.
DBG Adding lua filter: luafilters/navfilter/nav_filter.lua
DBG Adding metadata to pandoc conversion parameters.
DBG Adding lua filter: luafilters/docsindexfilter/docs_index_filter.lua
DBG Adding metadata to pandoc conversion parameters.
DBG add_lua_filters -> filters processed.
DBG Running preprocessor 'pandoc' with args: "-f" "markdown+inline_code_attributes" "-t" "html5" "--lua-filter" "luafilters/megareplacerfilter/mega_replacer_filter.lua" "--lua-filter" "luafilters/navfilter/nav_filter.lua" "--lua-filter" "luafilters/changelogfilter/changelog_filter.lua" "--lua-filter" "luafilters/docsindexfilter/docs_index_filter.lua" "--lua-filter" "luafilters/tocfilter/toc_filter.lua" "--metadata-file" ".meta_nav.yml" "--metadata-file" ".7_04TextSettings04TextSettings.html.yml" "--metadata-file" ".meta_metadata.yml" "custom-head-headers.mdl"
DBG Executing command: pandoc (suppress_verbose=true)
DBG Found current node '14_04CustomFonts'
DBG Wrote current node metadata. Adding current node metadata to pandoc conversion parameters.
DBG Adding metadata to pandoc conversion parameters.
DBG Adding metadata to pandoc conversion parameters.
DBG Wrote current node metadata. Adding current node metadata to pandoc conversion parameters.
DBG Adding metadata to pandoc conversion parameters.
DBG Adding lua filter: luafilters/tocfilter/toc_filter.lua
DBG Wrote current node metadata. Adding current node metadata to pandoc conversion parameters.
DBG Adding metadata to pandoc conversion parameters.
DBG Adding metadata to pandoc conversion parameters.
DBG Wrote current node metadata. Adding current node metadata to pandoc conversion parameters.
DBG Adding metadata to pandoc conversion parameters.
DBG Adding metadata to pandoc conversion parameters.
DBG Wrote current node metadata. Adding current node metadata to pandoc conversion parameters.
DBG Adding metadata to pandoc conversion parameters.
DBG Adding metadata to pandoc conversion parameters.
DBG Adding lua filter: luafilters/tocfilter/toc_filter.lua
DBG Running preprocessor 'pandoc' with args: "-f" "markdown+inline_code_attributes" "-t" "html5" "--lua-filter" "luafilters/megareplacerfilter/mega_replacer_filter.lua" "--lua-filter" "luafilters/navfilter/nav_filter.lua" "--lua-filter" "luafilters/changelogfilter/changelog_filter.lua" "--lua-filter" "luafilters/docsindexfilter/docs_index_filter.lua" "--lua-filter" "luafilters/tocfilter/toc_filter.lua" "--metadata-file" ".meta_nav.yml" "--metadata-file" ".2_01Introduction01Introduction.html.yml" "--metadata-file" ".meta_metadata.yml" "custom-head-headers.mdl"
DBG Executing command: pandoc (suppress_verbose=true)
DBG Adding metadata to pandoc conversion parameters.
DBG Wrote current node metadata. Adding current node metadata to pandoc conversion parameters.
DBG Adding metadata to pandoc conversion parameters.
DBG add_lua_filters -> filters processed.
DBG Adding metadata to pandoc conversion parameters.
DBG Adding metadata to pandoc conversion parameters.
DBG Found current node '14_04CustomFonts'
DBG Command cat completed successfully.
DBG Adding metadata to pandoc conversion parameters.
DBG Adding metadata to pandoc conversion parameters.
DBG Found current node '11_01ScriptSaving'
DBG Running preprocessor 'pandoc' with args: "-f" "markdown+inline_code_attributes" "-t" "html5" "--lua-filter" "luafilters/megareplacerfilter/mega_replacer_filter.lua" "--lua-filter" "luafilters/navfilter/nav_filter.lua" "--lua-filter" "luafilters/changelogfilter/changelog_filter.lua" "--lua-filter" "luafilters/docsindexfilter/docs_index_filter.lua" "--lua-filter" "luafilters/tocfilter/toc_filter.lua" "--metadata-file" ".meta_nav.yml" "--metadata-file" ".7_04TextSettings04TextSettings.html.yml" "--metadata-file" ".meta_metadata.yml" "custom-nav.mdl"
DBG Executing command: pandoc (suppress_verbose=true)
DBG Running preprocessor 'pandoc' with args: "-f" "markdown+inline_code_attributes" "-t" "html5" "--lua-filter" "luafilters/megareplacerfilter/mega_replacer_filter.lua" "--lua-filter" "luafilters/navfilter/nav_filter.lua" "--lua-filter" "luafilters/changelogfilter/changelog_filter.lua" "--lua-filter" "luafilters/docsindexfilter/docs_index_filter.lua" "--lua-filter" "luafilters/tocfilter/toc_filter.lua" "--metadata-file" ".meta_nav.yml" "--metadata-file" ".6_03DisplaySettings03DisplaySettings.html.yml" "--metadata-file" ".meta_metadata.yml" "custom-nav.mdl"
DBG Executing command: pandoc (suppress_verbose=true)
DBG Wrote current node metadata. Adding current node metadata to pandoc conversion parameters.
DBG Adding metadata to pandoc conversion parameters.
DBG Adding lua filter: luafilters/tocfilter/toc_filter.lua
DBG Adding metadata to pandoc conversion parameters.
DBG Running preprocessor 'pandoc' with args: "-f" "markdown+inline_code_attributes" "-t" "html5" "--lua-filter" "luafilters/megareplacerfilter/mega_replacer_filter.lua" "--lua-filter" "luafilters/navfilter/nav_filter.lua" "--lua-filter" "luafilters/changelogfilter/changelog_filter.lua" "--lua-filter" "luafilters/docsindexfilter/docs_index_filter.lua" "--lua-filter" "luafilters/tocfilter/toc_filter.lua" "--metadata-file" ".meta_nav.yml" "--metadata-file" ".12_02SavedSettings02SavedSettings.html.yml" "--metadata-file" ".meta_metadata.yml" "custom-nav.mdl"
DBG Running preprocessor 'pandoc' with args: "-f" "markdown+inline_code_attributes" "-t" "html5" "--lua-filter" "luafilters/megareplacerfilter/mega_replacer_filter.lua" "--lua-filter" "luafilters/navfilter/nav_filter.lua" "--lua-filter" "luafilters/changelogfilter/changelog_filter.lua" "--lua-filter" "luafilters/docsindexfilter/docs_index_filter.lua" "--lua-filter" "luafilters/tocfilter/toc_filter.lua" "--metadata-file" ".meta_nav.yml" "--metadata-file" ".17_04ContributingIntro04ContributingIntro.html.yml" "--metadata-file" ".meta_metadata.yml" "custom-head-headers.mdl"
DBG Executing command: pandoc (suppress_verbose=true)
DBG Running preprocessor 'pandoc' with args: "-f" "markdown+inline_code_attributes" "-t" "html5" "--lua-filter" "luafilters/megareplacerfilter/mega_replacer_filter.lua" "--lua-filter" "luafilters/navfilter/nav_filter.lua" "--lua-filter" "luafilters/changelogfilter/changelog_filter.lua" "--lua-filter" "luafilters/docsindexfilter/docs_index_filter.lua" "--lua-filter" "luafilters/tocfilter/toc_filter.lua" "--metadata-file" ".meta_nav.yml" "--metadata-file" ".4_01BasicConfig01BasicConfig.html.yml" "--metadata-file" ".meta_metadata.yml" "custom-nav.mdl"
DBG Executing command: pandoc (suppress_verbose=true)
DBG Adding metadata to pandoc conversion parameters.
DBG Wrote current node metadata. Adding current node metadata to pandoc conversion parameters.
DBG Adding metadata to pandoc conversion parameters.
DBG Wrote current node metadata. Adding current node metadata to pandoc conversion parameters.
DBG Adding metadata to pandoc conversion parameters.
DBG Adding lua filter: luafilters/changelogfilter/changelog_filter.lua
DBG Adding metadata to pandoc conversion parameters.
DBG Adding lua filter: luafilters/docsindexfilter/docs_index_filter.lua
DBG Running preprocessor 'pandoc' with args: "-f" "markdown+inline_code_attributes" "-t" "html5" "--lua-filter" "luafilters/megareplacerfilter/mega_replacer_filter.lua" "--lua-filter" "luafilters/navfilter/nav_filter.lua" "--lua-filter" "luafilters/changelogfilter/changelog_filter.lua" "--lua-filter" "luafilters/docsindexfilter/docs_index_filter.lua" "--lua-filter" "luafilters/tocfilter/toc_filter.lua" "--metadata-file" ".meta_nav.yml" "--metadata-file" ".9_06SavedSettings06SavedSettings.html.yml" "--metadata-file" ".meta_metadata.yml" "custom-head-headers.mdl"
DBG Adding lua filter: luafilters/tocfilter/toc_filter.lua
DBG Running preprocessor 'pandoc' with args: "-f" "markdown+inline_code_attributes" "-t" "html5" "--lua-filter" "luafilters/megareplacerfilter/mega_replacer_filter.lua" "--lua-filter" "luafilters/navfilter/nav_filter.lua" "--lua-filter" "luafilters/changelogfilter/changelog_filter.lua" "--lua-filter" "luafilters/docsindexfilter/docs_index_filter.lua" "--lua-filter" "luafilters/tocfilter/toc_filter.lua" "--metadata-file" ".meta_nav.yml" "--metadata-file" ".12_02SavedSettings02SavedSettings.html.yml" "--metadata-file" ".meta_metadata.yml" "custom-head-headers.mdl"
DBG Executing command: pandoc (suppress_verbose=true)
DBG Wrote current node metadata. Adding current node metadata to pandoc conversion parameters.
DBG Adding metadata to pandoc conversion parameters.
DBG Adding metadata to pandoc conversion parameters.
DBG Adding lua filter: luafilters/docsindexfilter/docs_index_filter.lua
DBG Adding metadata to pandoc conversion parameters.
DBG Adding lua filter: luafilters/tocfilter/toc_filter.lua
DBG Running preprocessor 'pandoc' with args: "-f" "markdown+inline_code_attributes" "-t" "html5" "--lua-filter" "luafilters/megareplacerfilter/mega_replacer_filter.lua" "--lua-filter" "luafilters/navfilter/nav_filter.lua" "--lua-filter" "luafilters/changelogfilter/changelog_filter.lua" "--lua-filter" "luafilters/docsindexfilter/docs_index_filter.lua" "--lua-filter" "luafilters/tocfilter/toc_filter.lua" "--metadata-file" ".meta_nav.yml" "--metadata-file" ".14_04CustomFonts04CustomFonts.html.yml" "--metadata-file" ".meta_metadata.yml" "custom-nav.mdl"
DBG Executing command: pandoc (suppress_verbose=true)
DBG add_lua_filters -> filters processed.
DBG Adding metadata to pandoc conversion parameters.
DBG Found current node '10_03FeaturesIntro'
DBG Wrote current node metadata. Adding current node metadata to pandoc conversion parameters.
DBG Adding metadata to pandoc conversion parameters.
DBG Adding metadata to pandoc conversion parameters.
DBG Running preprocessor 'pandoc' with args: "-f" "markdown+inline_code_attributes" "-t" "html5" "--lua-filter" "luafilters/megareplacerfilter/mega_replacer_filter.lua" "--lua-filter" "luafilters/navfilter/nav_filter.lua" "--lua-filter" "luafilters/changelogfilter/changelog_filter.lua" "--lua-filter" "luafilters/docsindexfilter/docs_index_filter.lua" "--lua-filter" "luafilters/tocfilter/toc_filter.lua" "--metadata-file" ".meta_nav.yml" "--metadata-file" ".10_03FeaturesIntro03FeaturesIntro.html.yml" "--metadata-file" ".meta_metadata.yml" "custom-head-headers.mdl"
DBG Executing command: pandoc (suppress_verbose=true)
DBG Adding metadata to pandoc conversion parameters.
DBG Found current node '6_03DisplaySettings'
DBG Running preprocessor 'pandoc' with args: "-f" "markdown+inline_code_attributes" "-t" "html5" "--lua-filter" "luafilters/megareplacerfilter/mega_replacer_filter.lua" "--lua-filter" "luafilters/navfilter/nav_filter.lua" "--lua-filter" "luafilters/changelogfilter/changelog_filter.lua" "--lua-filter" "luafilters/docsindexfilter/docs_index_filter.lua" "--lua-filter" "luafilters/tocfilter/toc_filter.lua" "--metadata-file" ".meta_nav.yml" "--metadata-file" ".2_01Introduction01Introduction.html.yml" "--metadata-file" ".meta_metadata.yml" "custom-nav.mdl"
DBG Executing command: pandoc (suppress_verbose=true)
DBG Adding metadata to pandoc conversion parameters.
DBG Wrote current node metadata. Adding current node metadata to pandoc conversion parameters.
DBG Adding metadata to pandoc conversion parameters.
DBG Adding lua filter: luafilters/changelogfilter/changelog_filter.lua
DBG Adding metadata to pandoc conversion parameters.
DBG Running preprocessor 'pandoc' with args: "-f" "markdown+inline_code_attributes" "-t" "html5" "--lua-filter" "luafilters/megareplacerfilter/mega_replacer_filter.lua" "--lua-filter" "luafilters/navfilter/nav_filter.lua" "--lua-filter" "luafilters/changelogfilter/changelog_filter.lua" "--lua-filter" "luafilters/docsindexfilter/docs_index_filter.lua" "--lua-filter" "luafilters/tocfilter/toc_filter.lua" "--metadata-file" ".meta_nav.yml" "--metadata-file" ".1_00Defs00Defs.html.yml" "--metadata-file" ".meta_metadata.yml" "custom-nav.mdl"
DBG Executing command: pandoc (suppress_verbose=true)
DBG add_lua_filters -> filters processed.
DBG Adding metadata to pandoc conversion parameters.
DBG Adding lua filter: luafilters/tocfilter/toc_filter.lua
DBG Adding metadata to pandoc conversion parameters.
DBG Running preprocessor 'pandoc' with args: "-f" "markdown+inline_code_attributes" "-t" "html5" "--lua-filter" "luafilters/megareplacerfilter/mega_replacer_filter.lua" "--lua-filter" "luafilters/navfilter/nav_filter.lua" "--lua-filter" "luafilters/changelogfilter/changelog_filter.lua" "--lua-filter" "luafilters/docsindexfilter/docs_index_filter.lua" "--lua-filter" "luafilters/tocfilter/toc_filter.lua" "--metadata-file" ".meta_nav.yml" "--metadata-file" ".1_00Defs00Defs.html.yml" "--metadata-file" ".meta_metadata.yml" "custom-head-headers.mdl"
DBG Executing command: pandoc (suppress_verbose=true)
DBG Adding metadata to pandoc conversion parameters.
DBG add_lua_filters -> filters processed.
DBG Adding metadata to pandoc conversion parameters.
DBG Wrote current node metadata. Adding current node metadata to pandoc conversion parameters.
DBG Adding metadata to pandoc conversion parameters.
DBG add_lua_filters -> filters processed.
DBG Adding metadata to pandoc conversion parameters.
DBG Adding metadata to pandoc conversion parameters.
DBG Found current node '8_05Keybindings'
DBG Executing command: pandoc (suppress_verbose=true)
DBG Adding lua filter: luafilters/docsindexfilter/docs_index_filter.lua
DBG Running preprocessor 'pandoc' with args: "-f" "markdown+inline_code_attributes" "-t" "html5" "--lua-filter" "luafilters/megareplacerfilter/mega_replacer_filter.lua" "--lua-filter" "luafilters/navfilter/nav_filter.lua" "--lua-filter" "luafilters/changelogfilter/changelog_filter.lua" "--lua-filter" "luafilters/docsindexfilter/docs_index_filter.lua" "--lua-filter" "luafilters/tocfilter/toc_filter.lua" "--metadata-file" ".meta_nav.yml" "--metadata-file" ".15_05ScrollAndSessionBehavior05ScrollAndSessionBehavior.html.yml" "--metadata-file" ".meta_metadata.yml" "custom-nav.mdl"
DBG Executing command: pandoc (suppress_verbose=true)
DBG Found current node '5_02PrompterScreen'
DBG Found current node '8_05Keybindings'
DBG add_lua_filters -> filters processed.
DBG Adding metadata to pandoc conversion parameters.
DBG Running preprocessor 'pandoc' with args: "-f" "markdown+inline_code_attributes" "-t" "html5" "--lua-filter" "luafilters/megareplacerfilter/mega_replacer_filter.lua" "--lua-filter" "luafilters/navfilter/nav_filter.lua" "--lua-filter" "luafilters/changelogfilter/changelog_filter.lua" "--lua-filter" "luafilters/docsindexfilter/docs_index_filter.lua" "--lua-filter" "luafilters/tocfilter/toc_filter.lua" "--metadata-file" ".meta_nav.yml" "--metadata-file" ".14_04CustomFonts04CustomFonts.html.yml" "--metadata-file" ".meta_metadata.yml" "custom-head-headers.mdl"
DBG Found current node '0_index'
DBG add_lua_filters -> filters processed.
DBG Adding metadata to pandoc conversion parameters.
DBG Found current node '10_03FeaturesIntro'
DBG Running preprocessor 'pandoc' with args: "-f" "markdown+inline_code_attributes" "-t" "html5" "--lua-filter" "luafilters/megareplacerfilter/mega_replacer_filter.lua" "--lua-filter" "luafilters/navfilter/nav_filter.lua" "--lua-filter" "luafilters/changelogfilter/changelog_filter.lua" "--lua-filter" "luafilters/docsindexfilter/docs_index_filter.lua" "--lua-filter" "luafilters/tocfilter/toc_filter.lua" "--metadata-file" ".meta_nav.yml" "--metadata-file" ".13_03Chapters03Chapters.html.yml" "--metadata-file" ".meta_metadata.yml" "custom-head-headers.mdl"
DBG Executing command: pandoc (suppress_verbose=true)
DBG Wrote current node metadata. Adding current node metadata to pandoc conversion parameters.
DBG Adding metadata to pandoc conversion parameters.
DBG Adding metadata to pandoc conversion parameters.
DBG Running preprocessor 'pandoc' with args: "-f" "markdown+inline_code_attributes" "-t" "html5" "--lua-filter" "luafilters/megareplacerfilter/mega_replacer_filter.lua" "--lua-filter" "luafilters/navfilter/nav_filter.lua" "--lua-filter" "luafilters/changelogfilter/changelog_filter.lua" "--lua-filter" "luafilters/docsindexfilter/docs_index_filter.lua" "--lua-filter" "luafilters/tocfilter/toc_filter.lua" "--metadata-file" ".meta_nav.yml" "--metadata-file" ".10_03FeaturesIntro03FeaturesIntro.html.yml" "--metadata-file" ".meta_metadata.yml" "custom-nav.mdl"
DBG Executing command: pandoc (suppress_verbose=true)
DBG Adding metadata to pandoc conversion parameters.
DBG Running preprocessor 'pandoc' with args: "-f" "markdown+inline_code_attributes" "-t" "html5" "--lua-filter" "luafilters/megareplacerfilter/mega_replacer_filter.lua" "--lua-filter" "luafilters/navfilter/nav_filter.lua" "--lua-filter" "luafilters/changelogfilter/changelog_filter.lua" "--lua-filter" "luafilters/docsindexfilter/docs_index_filter.lua" "--lua-filter" "luafilters/tocfilter/toc_filter.lua" "--metadata-file" ".meta_nav.yml" "--metadata-file" ".18_01FilingIssues01FilingIssues.html.yml" "--metadata-file" ".meta_metadata.yml" "custom-head-headers.mdl"
DBG Executing command: pandoc (suppress_verbose=true)
DBG Running preprocessor 'pandoc' with args: "-f" "markdown+inline_code_attributes" "-t" "html5" "--lua-filter" "luafilters/megareplacerfilter/mega_replacer_filter.lua" "--lua-filter" "luafilters/navfilter/nav_filter.lua" "--lua-filter" "luafilters/changelogfilter/changelog_filter.lua" "--lua-filter" "luafilters/docsindexfilter/docs_index_filter.lua" "--lua-filter" "luafilters/tocfilter/toc_filter.lua" "--metadata-file" ".meta_nav.yml" "--metadata-file" ".3_02UsageIntro02UsageIntro.html.yml" "--metadata-file" ".meta_metadata.yml" "custom-nav.mdl"
DBG Executing command: pandoc (suppress_verbose=true)
DBG Adding lua filter: luafilters/tocfilter/toc_filter.lua
DBG Adding lua filter: luafilters/tocfilter/toc_filter.lua
DBG Wrote current node metadata. Adding current node metadata to pandoc conversion parameters.
DBG Adding metadata to pandoc conversion parameters.
DBG Executing command: pandoc (suppress_verbose=true)
DBG Running preprocessor 'pandoc' with args: "-f" "markdown+inline_code_attributes" "-t" "html5" "--lua-filter" "luafilters/megareplacerfilter/mega_replacer_filter.lua" "--lua-filter" "luafilters/navfilter/nav_filter.lua" "--lua-filter" "luafilters/changelogfilter/changelog_filter.lua" "--lua-filter" "luafilters/docsindexfilter/docs_index_filter.lua" "--lua-filter" "luafilters/tocfilter/toc_filter.lua" "--metadata-file" ".meta_nav.yml" "--metadata-file" ".11_01ScriptSaving01ScriptSaving.html.yml" "--metadata-file" ".meta_metadata.yml" "custom-head-headers.mdl"
DBG Executing command: pandoc (suppress_verbose=true)
DBG Wrote current node metadata. Adding current node metadata to pandoc conversion parameters.
DBG Adding metadata to pandoc conversion parameters.
DBG Wrote current node metadata. Adding current node metadata to pandoc conversion parameters.
DBG Adding metadata to pandoc conversion parameters.
DBG Adding metadata to pandoc conversion parameters.
DBG Running preprocessor 'pandoc' with args: "-f" "markdown+inline_code_attributes" "-t" "html5" "--lua-filter" "luafilters/megareplacerfilter/mega_replacer_filter.lua" "--lua-filter" "luafilters/navfilter/nav_filter.lua" "--lua-filter" "luafilters/changelogfilter/changelog_filter.lua" "--lua-filter" "luafilters/docsindexfilter/docs_index_filter.lua" "--lua-filter" "luafilters/tocfilter/toc_filter.lua" "--metadata-file" ".meta_nav.yml" "--metadata-file" ".0_indexindex.html.yml" "--metadata-file" ".meta_metadata.yml" "custom-head-headers.mdl"
DBG Executing command: pandoc (suppress_verbose=true)
DBG Adding metadata to pandoc conversion parameters.
DBG Wrote current node metadata. Adding current node metadata to pandoc conversion parameters.
DBG Adding metadata to pandoc conversion parameters.
DBG add_lua_filters -> filters processed.
DBG Adding metadata to pandoc conversion parameters.
DBG Executing command: pandoc (suppress_verbose=true)
DBG Found current node '16_06Theming'
DBG Adding metadata to pandoc conversion parameters.
DBG Running preprocessor 'pandoc' with args: "-f" "markdown+inline_code_attributes" "-t" "html5" "--lua-filter" "luafilters/megareplacerfilter/mega_replacer_filter.lua" "--lua-filter" "luafilters/navfilter/nav_filter.lua" "--lua-filter" "luafilters/changelogfilter/changelog_filter.lua" "--lua-filter" "luafilters/docsindexfilter/docs_index_filter.lua" "--lua-filter" "luafilters/tocfilter/toc_filter.lua" "--metadata-file" ".meta_nav.yml" "--metadata-file" ".0_indexindex.html.yml" "--metadata-file" ".meta_metadata.yml" "custom-nav.mdl"
DBG Executing command: pandoc (suppress_verbose=true)
DBG Wrote current node metadata. Adding current node metadata to pandoc conversion parameters.
DBG Adding metadata to pandoc conversion parameters.
DBG Adding metadata to pandoc conversion parameters.
DBG Adding metadata to pandoc conversion parameters.
DBG Running preprocessor 'pandoc' with args: "-f" "markdown+inline_code_attributes" "-t" "html5" "--lua-filter" "luafilters/megareplacerfilter/mega_replacer_filter.lua" "--lua-filter" "luafilters/navfilter/nav_filter.lua" "--lua-filter" "luafilters/changelogfilter/changelog_filter.lua" "--lua-filter" "luafilters/docsindexfilter/docs_index_filter.lua" "--lua-filter" "luafilters/tocfilter/toc_filter.lua" "--metadata-file" ".meta_nav.yml" "--metadata-file" ".5_02PrompterScreen02PrompterScreen.html.yml" "--metadata-file" ".meta_metadata.yml" "custom-head-headers.mdl"
DBG Executing command: pandoc (suppress_verbose=true)
DBG Found current node '17_04ContributingIntro'
DBG Running preprocessor 'pandoc' with args: "-f" "markdown+inline_code_attributes" "-t" "html5" "--lua-filter" "luafilters/megareplacerfilter/mega_replacer_filter.lua" "--lua-filter" "luafilters/navfilter/nav_filter.lua" "--lua-filter" "luafilters/changelogfilter/changelog_filter.lua" "--lua-filter" "luafilters/docsindexfilter/docs_index_filter.lua" "--lua-filter" "luafilters/tocfilter/toc_filter.lua" "--metadata-file" ".meta_nav.yml" "--metadata-file" ".8_05Keybindings05Keybindings.html.yml" "--metadata-file" ".meta_metadata.yml" "custom-head-headers.mdl"
DBG Executing command: pandoc (suppress_verbose=true)
DBG add_lua_filters -> filters processed.
DBG Adding metadata to pandoc conversion parameters.
DBG Running preprocessor 'pandoc' with args: "-f" "markdown+inline_code_attributes" "-t" "html5" "--lua-filter" "luafilters/megareplacerfilter/mega_replacer_filter.lua" "--lua-filter" "luafilters/navfilter/nav_filter.lua" "--lua-filter" "luafilters/changelogfilter/changelog_filter.lua" "--lua-filter" "luafilters/docsindexfilter/docs_index_filter.lua" "--lua-filter" "luafilters/tocfilter/toc_filter.lua" "--metadata-file" ".meta_nav.yml" "--metadata-file" ".16_06Theming06Theming.html.yml" "--metadata-file" ".meta_metadata.yml" "custom-nav.mdl"
DBG Executing command: pandoc (suppress_verbose=true)
DBG Adding metadata to pandoc conversion parameters.
DBG Found current node '4_01BasicConfig'
DBG Running preprocessor 'pandoc' with args: "-f" "markdown+inline_code_attributes" "-t" "html5" "--lua-filter" "luafilters/megareplacerfilter/mega_replacer_filter.lua" "--lua-filter" "luafilters/navfilter/nav_filter.lua" "--lua-filter" "luafilters/changelogfilter/changelog_filter.lua" "--lua-filter" "luafilters/docsindexfilter/docs_index_filter.lua" "--lua-filter" "luafilters/tocfilter/toc_filter.lua" "--metadata-file" ".meta_nav.yml" "--metadata-file" ".8_05Keybindings05Keybindings.html.yml" "--metadata-file" ".meta_metadata.yml" "custom-nav.mdl"
DBG Executing command: pandoc (suppress_verbose=true)
DBG Running preprocessor 'pandoc' with args: "-f" "markdown+inline_code_attributes" "-t" "html5" "--lua-filter" "luafilters/megareplacerfilter/mega_replacer_filter.lua" "--lua-filter" "luafilters/navfilter/nav_filter.lua" "--lua-filter" "luafilters/changelogfilter/changelog_filter.lua" "--lua-filter" "luafilters/docsindexfilter/docs_index_filter.lua" "--lua-filter" "luafilters/tocfilter/toc_filter.lua" "--metadata-file" ".meta_nav.yml" "--metadata-file" ".6_03DisplaySettings03DisplaySettings.html.yml" "--metadata-file" ".meta_metadata.yml" "custom-head-headers.mdl"
DBG Executing command: pandoc (suppress_verbose=true)
DBG Wrote current node metadata. Adding current node metadata to pandoc conversion parameters.
DBG Adding metadata to pandoc conversion parameters.
DBG Adding metadata to pandoc conversion parameters.
DBG Running preprocessor 'pandoc' with args: "-f" "markdown+inline_code_attributes" "-t" "html5" "--lua-filter" "luafilters/megareplacerfilter/mega_replacer_filter.lua" "--lua-filter" "luafilters/navfilter/nav_filter.lua" "--lua-filter" "luafilters/changelogfilter/changelog_filter.lua" "--lua-filter" "luafilters/docsindexfilter/docs_index_filter.lua" "--lua-filter" "luafilters/tocfilter/toc_filter.lua" "--metadata-file" ".meta_nav.yml" "--metadata-file" ".4_01BasicConfig01BasicConfig.html.yml" "--metadata-file" ".meta_metadata.yml" "custom-head-headers.mdl"
DBG Executing command: pandoc (suppress_verbose=true)
DBG Wrote current node metadata. Adding current node metadata to pandoc conversion parameters.
DBG Adding metadata to pandoc conversion parameters.
DBG Adding metadata to pandoc conversion parameters.
DBG Running preprocessor 'pandoc' with args: "-f" "markdown+inline_code_attributes" "-t" "html5" "--lua-filter" "luafilters/megareplacerfilter/mega_replacer_filter.lua" "--lua-filter" "luafilters/navfilter/nav_filter.lua" "--lua-filter" "luafilters/changelogfilter/changelog_filter.lua" "--lua-filter" "luafilters/docsindexfilter/docs_index_filter.lua" "--lua-filter" "luafilters/tocfilter/toc_filter.lua" "--metadata-file" ".meta_nav.yml" "--metadata-file" ".17_04ContributingIntro04ContributingIntro.html.yml" "--metadata-file" ".meta_metadata.yml" "custom-nav.mdl"
DBG Executing command: pandoc (suppress_verbose=true)
DBG Command pandoc completed successfully.
DBG Command pandoc completed successfully.
DBG Command pandoc completed successfully.
DBG Command pandoc completed successfully.
DBG Command pandoc completed successfully.
DBG Command pandoc completed successfully.
DBG Command pandoc completed successfully.
DBG Command pandoc completed successfully.
DBG Command pandoc completed successfully.
DBG Command pandoc completed successfully.
DBG Command pandoc completed successfully.
DBG Command pandoc completed successfully.
DBG Command pandoc completed successfully.
DBG Command pandoc completed successfully.
DBG Command pandoc completed successfully.
DBG Command pandoc completed successfully.
DBG Running Preprocessors on injection.
DBG Chunking 1 input files.
DBG Created 1 preprocessing chunks.
DBG Processing chunk with extension html
DBG Running preprocessor 'HTML Direct' on 1 files.
DBG preprocess_cli_args -> 0 args: []
DBG Running preprocessor 'cat' with args: "custom-tail.html"
DBG Executing command: cat (suppress_verbose=true)
DBG Command pandoc completed successfully.
DBG Command cat completed successfully.
DBG Command pandoc completed successfully.
DBG Command pandoc completed successfully.
DBG Command pandoc completed successfully.
DBG Command pandoc completed successfully.
DBG Running Preprocessors on injection.
DBG Chunking 1 input files.
DBG Created 1 preprocessing chunks.
DBG Processing chunk with extension html
DBG Running preprocessor 'HTML Direct' on 1 files.
DBG preprocess_cli_args -> 0 args: []
DBG Running preprocessor 'cat' with args: "custom-tail.html"
DBG Executing command: cat (suppress_verbose=true)
DBG Command cat completed successfully.
DBG Command pandoc completed successfully.
DBG Running Preprocessors on injection.
DBG Chunking 1 input files.
DBG Created 1 preprocessing chunks.
DBG Processing chunk with extension html
DBG Running preprocessor 'HTML Direct' on 1 files.
DBG preprocess_cli_args -> 0 args: []
DBG Running preprocessor 'cat' with args: "custom-tail.html"
DBG Executing command: cat (suppress_verbose=true)
DBG Command pandoc completed successfully.
DBG Command cat completed successfully.
DBG Command pandoc completed successfully.
DBG Running Preprocessors on injection.
DBG Chunking 1 input files.
DBG Created 1 preprocessing chunks.
DBG Processing chunk with extension html
DBG Running preprocessor 'HTML Direct' on 1 files.
DBG preprocess_cli_args -> 0 args: []
DBG Running preprocessor 'cat' with args: "custom-tail.html"
DBG Executing command: cat (suppress_verbose=true)
DBG Command pandoc completed successfully.
DBG Command cat completed successfully.
DBG Command pandoc completed successfully.
DBG Command pandoc completed successfully.
DBG Running Preprocessors on injection.
DBG Chunking 1 input files.
DBG Created 1 preprocessing chunks.
DBG Processing chunk with extension html
DBG Running preprocessor 'HTML Direct' on 1 files.
DBG preprocess_cli_args -> 0 args: []
DBG Running preprocessor 'cat' with args: "custom-tail.html"
DBG Executing command: cat (suppress_verbose=true)
DBG Command cat completed successfully.
DBG Command pandoc completed successfully.
DBG Running Preprocessors on injection.
DBG Chunking 1 input files.
DBG Created 1 preprocessing chunks.
DBG Processing chunk with extension html
DBG Running preprocessor 'HTML Direct' on 1 files.
DBG preprocess_cli_args -> 0 args: []
DBG Running preprocessor 'cat' with args: "custom-tail.html"
DBG Executing command: cat (suppress_verbose=true)
DBG Command cat completed successfully.
DBG Command pandoc completed successfully.
DBG Command pandoc completed successfully.
DBG Command pandoc completed successfully.
DBG Running Preprocessors on injection.
DBG Chunking 1 input files.
DBG Created 1 preprocessing chunks.
DBG Processing chunk with extension html
DBG Running preprocessor 'HTML Direct' on 1 files.
DBG preprocess_cli_args -> 0 args: []
DBG Running preprocessor 'cat' with args: "custom-tail.html"
DBG Executing command: cat (suppress_verbose=true)
DBG Command pandoc completed successfully.
DBG Command pandoc completed successfully.
DBG Running Preprocessors on injection.
DBG Running Preprocessors on injection.
DBG Running Preprocessors on injection.
DBG Running Preprocessors on injection.
DBG Chunking 1 input files.
DBG Created 1 preprocessing chunks.
DBG Processing chunk with extension html
DBG Chunking 1 input files.
DBG Created 1 preprocessing chunks.
DBG Processing chunk with extension html
DBG Running preprocessor 'HTML Direct' on 1 files.
DBG preprocess_cli_args -> 0 args: []
DBG Running preprocessor 'cat' with args: "custom-tail.html"
DBG Executing command: cat (suppress_verbose=true)
DBG Chunking 1 input files.
DBG Created 1 preprocessing chunks.
DBG Processing chunk with extension html
DBG Running preprocessor 'HTML Direct' on 1 files.
DBG preprocess_cli_args -> 0 args: []
DBG Chunking 1 input files.
DBG Created 1 preprocessing chunks.
DBG Processing chunk with extension html
DBG Running preprocessor 'HTML Direct' on 1 files.
DBG preprocess_cli_args -> 0 args: []
DBG Running preprocessor 'cat' with args: "custom-tail.html"
DBG Executing command: cat (suppress_verbose=true)
DBG Command cat completed successfully.
DBG Running preprocessor 'cat' with args: "custom-tail.html"
DBG Executing command: cat (suppress_verbose=true)
DBG Running preprocessor 'HTML Direct' on 1 files.
DBG preprocess_cli_args -> 0 args: []
DBG Running preprocessor 'cat' with args: "custom-tail.html"
DBG Executing command: cat (suppress_verbose=true)
DBG Command cat completed successfully.
DBG Command cat completed successfully.
DBG Command cat completed successfully.
DBG Command cat completed successfully.
DBG Command pandoc completed successfully.
DBG Running Preprocessors on injection.
DBG Chunking 1 input files.
DBG Created 1 preprocessing chunks.
DBG Processing chunk with extension html
DBG Running preprocessor 'HTML Direct' on 1 files.
DBG preprocess_cli_args -> 0 args: []
DBG Running preprocessor 'cat' with args: "custom-tail.html"
DBG Executing command: cat (suppress_verbose=true)
DBG Command cat completed successfully.
DBG Command pandoc completed successfully.
DBG Running Preprocessors on injection.
DBG Chunking 1 input files.
DBG Created 1 preprocessing chunks.
DBG Processing chunk with extension html
DBG Running preprocessor 'HTML Direct' on 1 files.
DBG preprocess_cli_args -> 0 args: []
DBG Running preprocessor 'cat' with args: "custom-tail.html"
DBG Executing command: cat (suppress_verbose=true)
DBG Command cat completed successfully.
DBG Command pandoc completed successfully.
DBG Running Preprocessors on injection.
DBG Running Preprocessors on injection.
DBG Running Preprocessors on injection.
DBG Chunking 1 input files.
DBG Created 1 preprocessing chunks.
DBG Processing chunk with extension html
DBG Chunking 1 input files.
DBG Created 1 preprocessing chunks.
DBG Processing chunk with extension html
DBG Running Preprocessors on injection.
DBG Chunking 1 input files.
DBG Created 1 preprocessing chunks.
DBG Processing chunk with extension html
DBG Running preprocessor 'HTML Direct' on 1 files.
DBG preprocess_cli_args -> 0 args: []
DBG Running preprocessor 'cat' with args: "custom-tail.html"
DBG Executing command: cat (suppress_verbose=true)
DBG Running preprocessor 'HTML Direct' on 1 files.
DBG preprocess_cli_args -> 0 args: []
DBG Running preprocessor 'cat' with args: "custom-tail.html"
DBG Executing command: cat (suppress_verbose=true)
DBG Chunking 1 input files.
DBG Created 1 preprocessing chunks.
DBG Processing chunk with extension html
DBG Running preprocessor 'HTML Direct' on 1 files.
DBG preprocess_cli_args -> 0 args: []
DBG Running preprocessor 'cat' with args: "custom-tail.html"
DBG Executing command: cat (suppress_verbose=true)
DBG Running preprocessor 'HTML Direct' on 1 files.
DBG preprocess_cli_args -> 0 args: []
DBG Running preprocessor 'cat' with args: "custom-tail.html"
DBG Executing command: cat (suppress_verbose=true)
DBG Command cat completed successfully.
DBG Command cat completed successfully.
DBG Command cat completed successfully.
DBG Command cat completed successfully.
DBG Command pandoc completed successfully.
DBG Running Preprocessors on injection.
DBG Chunking 1 input files.
DBG Created 1 preprocessing chunks.
DBG Processing chunk with extension html
DBG Running preprocessor 'HTML Direct' on 1 files.
DBG preprocess_cli_args -> 0 args: []
DBG Running preprocessor 'cat' with args: "custom-tail.html"
DBG Executing command: cat (suppress_verbose=true)
DBG Command cat completed successfully.
DBG Command pandoc completed successfully.
DBG Running Preprocessors on injection.
DBG Chunking 1 input files.
DBG Created 1 preprocessing chunks.
DBG Processing chunk with extension html
DBG Running preprocessor 'HTML Direct' on 1 files.
DBG preprocess_cli_args -> 0 args: []
DBG Running preprocessor 'cat' with args: "custom-tail.html"
DBG Executing command: cat (suppress_verbose=true)
DBG Command cat completed successfully.
DBG Preprocessing complete.
DBG CustomPreprocessor result path: ./2026-07-09_08-16-04/Documentation_compiled/web
DBG Converter finished.
DBG   Result file path: ./2026-07-09_08-16-04/Documentation_compiled/web
DBG Copying result file to output directory...
DBG Copying finished.
Conversion successful.
Converting markdown project 'Documentation' with template 'PDF'.
DBG Resolved template mapping for PDF.
DBG Copied template directory.
DBG Copying directory: ./Documentation/resources/
DBG Merged 1 metadata fields (0 shared, 1 project specific).
DBG Prepared conversion input directory: ./2026-07-09_08-16-04/Documentation_compiled/PDF_convdir/
DBG Copying markdown directory './Documentation' to './2026-07-09_08-16-04/Documentation_compiled/PDF_convdir/'
DBG Starting template conversion for 'PDF'.
DBG   Template type: 'Typst'.
DBG Selecting converter for template type: Typst
DBG Converter selected.
DBG Running converter...
DBG Starting Typst conversion...
DBG Template path: ./2026-07-09_08-16-04/Documentation_compiled/bundle.typ | Output path: bundle.pdf
DBG retrieve_preprocessors -> 1 selected: ["Typst Ignore MD Ignored"]
DBG retrieve_preprocessors -> 2 selected: ["default_typst_preprocessor", "default_typst_preprocessor_typst_files"]
DBG merge_preprocessors -> 3 merged: ["Typst Ignore MD Ignored", "default_typst_preprocessor", "default_typst_preprocessor_typst_files"]
DBG Using preprocessors: ["Typst Ignore MD Ignored", "default_typst_preprocessor", "default_typst_preprocessor_typst_files"]
DBG retrieve_combined_output -> output.typ
DBG Collecting input files for preprocessing...
DBG Retrieving injections '' from Manifest.
DBG Retrieved 0 injections.
DBG Retrieving injections '' from Manifest.
DBG Retrieved 0 injections.
DBG Retrieving injections '' from Manifest.
DBG Retrieved 0 injections.
DBG get_sorted_files('./2026-07-09_08-16-04/Documentation_compiled/PDF_convdir/02Usage') -> 6 files
DBG get_sorted_files('./2026-07-09_08-16-04/Documentation_compiled/PDF_convdir/03Features') -> 6 files
DBG get_sorted_files('./2026-07-09_08-16-04/Documentation_compiled/PDF_convdir/04Contributing') -> 1 files
DBG get_sorted_files('./2026-07-09_08-16-04/Documentation_compiled/PDF_convdir/') -> 19 files
DBG Found 19 input files.
DBG Retrieving navigation metadata.
DBG Executing command: pandoc (suppress_verbose=true)
ERR [WARNING] Could not deduce format from file extension .typign_md

ERR   Defaulting to markdown

DBG Command pandoc completed successfully.
DBG Executing command: pandoc (suppress_verbose=true)
DBG Command pandoc completed successfully.
DBG Executing command: pandoc (suppress_verbose=true)
DBG Command pandoc completed successfully.
DBG Executing command: pandoc (suppress_verbose=true)
ERR "/home/lena/Documents/software/site-tiefprompt.com/2026-07-09_08-16-04/Documentation_compiled/PDF_convdir/02UsageIntro.typ" (line 1, column 2):

ERR Identifier "cover-page" not found

DBG Could not extract front matter from /home/lena/Documents/software/site-tiefprompt.com/2026-07-09_08-16-04/Documentation_compiled/PDF_convdir/02UsageIntro.typ: Command pandoc failed with status code 64.
DBG Executing command: pandoc (suppress_verbose=true)
DBG Command pandoc completed successfully.
DBG Executing command: pandoc (suppress_verbose=true)
DBG Command pandoc completed successfully.
DBG Executing command: pandoc (suppress_verbose=true)
DBG Command pandoc completed successfully.
DBG Executing command: pandoc (suppress_verbose=true)
DBG Command pandoc completed successfully.
DBG Executing command: pandoc (suppress_verbose=true)
DBG Command pandoc completed successfully.
DBG Executing command: pandoc (suppress_verbose=true)
DBG Command pandoc completed successfully.
DBG Executing command: pandoc (suppress_verbose=true)
ERR "/home/lena/Documents/software/site-tiefprompt.com/2026-07-09_08-16-04/Documentation_compiled/PDF_convdir/03FeaturesIntro.typ" (line 1, column 2):

ERR Identifier "cover-page" not found

DBG Could not extract front matter from /home/lena/Documents/software/site-tiefprompt.com/2026-07-09_08-16-04/Documentation_compiled/PDF_convdir/03FeaturesIntro.typ: Command pandoc failed with status code 64.
DBG Executing command: pandoc (suppress_verbose=true)
DBG Command pandoc completed successfully.
DBG Executing command: pandoc (suppress_verbose=true)
DBG Command pandoc completed successfully.
DBG Executing command: pandoc (suppress_verbose=true)
DBG Command pandoc completed successfully.
DBG Executing command: pandoc (suppress_verbose=true)
DBG Command pandoc completed successfully.
DBG Executing command: pandoc (suppress_verbose=true)
DBG Command pandoc completed successfully.
DBG Executing command: pandoc (suppress_verbose=true)
DBG Command pandoc completed successfully.
DBG Executing command: pandoc (suppress_verbose=true)
ERR "/home/lena/Documents/software/site-tiefprompt.com/2026-07-09_08-16-04/Documentation_compiled/PDF_convdir/04ContributingIntro.typ" (line 1, column 2):

ERR Identifier "cover-page" not found

DBG Could not extract front matter from /home/lena/Documents/software/site-tiefprompt.com/2026-07-09_08-16-04/Documentation_compiled/PDF_convdir/04ContributingIntro.typ: Command pandoc failed with status code 64.
DBG Executing command: pandoc (suppress_verbose=true)
DBG Command pandoc completed successfully.
DBG Built navigation metadata tree.
DBG Navigation metadata written to ./2026-07-09_08-16-04/Documentation_compiled/.meta_nav.yml
DBG Processing injections.
DBG Chunking 19 input files.
DBG get_preprocessing_chunks -> 9 chunks: ["typign_md", "typ", "md", "typ", "md", "typ", "md", "typ", "md"]
DBG Created 9 preprocessing chunks.
DBG Processing chunk with extension typign_md
DBG Running preprocessor 'Typst Ignore MD Ignored' on 1 files.
DBG preprocess_cli_args -> 0 args: []
DBG Processing chunk with extension md
DBG Processing chunk with extension typ
DBG Processing chunk with extension md
DBG Running preprocessor 'default_typst_preprocessor' on 6 files.
DBG preprocess_cli_args -> 2 args: ["-t", "typst"]
DBG Processing chunk with extension typ
DBG Adding lua filter: luafilters/megareplacerfilter/mega_replacer_filter.lua
DBG Processing chunk with extension typ
DBG Running preprocessor 'default_typst_preprocessor_typst_files' on 1 files.
DBG preprocess_cli_args -> 0 args: []
DBG Running preprocessor 'cat' with args: "PDF_convdir/03FeaturesIntro.typ"
DBG Executing command: cat (suppress_verbose=true)
DBG Processing chunk with extension md
DBG Running preprocessor 'default_typst_preprocessor' on 1 files.
DBG preprocess_cli_args -> 2 args: ["-t", "typst"]
DBG Adding lua filter: luafilters/typstpathfilter/typst_path_filter.lua
DBG Adding lua filter: luafilters/megareplacerfilter/mega_replacer_filter.lua
DBG add_lua_filters -> filters processed.
DBG Adding metadata to pandoc conversion parameters.
DBG Adding lua filter: luafilters/typstpathfilter/typst_path_filter.lua
DBG Running preprocessor 'default_typst_preprocessor_typst_files' on 1 files.
DBG preprocess_cli_args -> 0 args: []
DBG Running preprocessor 'cat' with args: "PDF_convdir/04ContributingIntro.typ"
DBG Executing command: cat (suppress_verbose=true)
DBG Running preprocessor 'default_typst_preprocessor_typst_files' on 1 files.
DBG preprocess_cli_args -> 0 args: []
DBG Running preprocessor 'cat' with args: "PDF_convdir/02UsageIntro.typ"
DBG Executing command: cat (suppress_verbose=true)
DBG Processing chunk with extension md
DBG Running preprocessor 'default_typst_preprocessor' on 1 files.
DBG preprocess_cli_args -> 2 args: ["-t", "typst"]
DBG Running preprocessor 'true' with args: "PDF_convdir/index.typign_md"
DBG Executing command: true (suppress_verbose=true)
DBG add_lua_filters -> filters processed.
DBG Adding metadata to pandoc conversion parameters.
DBG Running preprocessor 'default_typst_preprocessor' on 6 files.
DBG Adding lua filter: luafilters/megareplacerfilter/mega_replacer_filter.lua
DBG Running preprocessor 'pandoc' with args: "-t" "typst" "--lua-filter" "luafilters/megareplacerfilter/mega_replacer_filter.lua" "--lua-filter" "luafilters/typstpathfilter/typst_path_filter.lua" "--metadata-file" ".meta_nav.yml" "PDF_convdir/03Features/01ScriptSaving.md" "PDF_convdir/03Features/02SavedSettings.md" "PDF_convdir/03Features/03Chapters.md" "PDF_convdir/03Features/04CustomFonts.md" "PDF_convdir/03Features/05ScrollAndSessionBehavior.md" "PDF_convdir/03Features/06Theming.md"
DBG Executing command: pandoc (suppress_verbose=true)
DBG Running preprocessor 'pandoc' with args: "-t" "typst" "--lua-filter" "luafilters/megareplacerfilter/mega_replacer_filter.lua" "--lua-filter" "luafilters/typstpathfilter/typst_path_filter.lua" "--metadata-file" ".meta_nav.yml" "PDF_convdir/01Introduction.md"
DBG Executing command: pandoc (suppress_verbose=true)
DBG preprocess_cli_args -> 2 args: ["-t", "typst"]
DBG Adding lua filter: luafilters/typstpathfilter/typst_path_filter.lua
DBG Processing chunk with extension typ
DBG Running preprocessor 'default_typst_preprocessor_typst_files' on 1 files.
DBG preprocess_cli_args -> 0 args: []
DBG add_lua_filters -> filters processed.
DBG Adding metadata to pandoc conversion parameters.
DBG Running preprocessor 'cat' with args: "PDF_convdir/00Defs.typ"
DBG Executing command: cat (suppress_verbose=true)
DBG Adding lua filter: luafilters/megareplacerfilter/mega_replacer_filter.lua
DBG Running preprocessor 'pandoc' with args: "-t" "typst" "--lua-filter" "luafilters/megareplacerfilter/mega_replacer_filter.lua" "--lua-filter" "luafilters/typstpathfilter/typst_path_filter.lua" "--metadata-file" ".meta_nav.yml" "PDF_convdir/04Contributing/01FilingIssues.md"
DBG Executing command: pandoc (suppress_verbose=true)
DBG Adding lua filter: luafilters/typstpathfilter/typst_path_filter.lua
DBG add_lua_filters -> filters processed.
DBG Adding metadata to pandoc conversion parameters.
DBG Command cat completed successfully.
DBG Running preprocessor 'pandoc' with args: "-t" "typst" "--lua-filter" "luafilters/megareplacerfilter/mega_replacer_filter.lua" "--lua-filter" "luafilters/typstpathfilter/typst_path_filter.lua" "--metadata-file" ".meta_nav.yml" "PDF_convdir/02Usage/01BasicConfig.md" "PDF_convdir/02Usage/02PrompterScreen.md" "PDF_convdir/02Usage/03DisplaySettings.md" "PDF_convdir/02Usage/04TextSettings.md" "PDF_convdir/02Usage/05Keybindings.md" "PDF_convdir/02Usage/06SavedSettings.md"
DBG Executing command: pandoc (suppress_verbose=true)
DBG Command cat completed successfully.
DBG Command cat completed successfully.
DBG Command true completed successfully.
DBG Command cat completed successfully.
DBG Command pandoc completed successfully.
DBG Command pandoc completed successfully.
DBG Command pandoc completed successfully.
DBG Command pandoc completed successfully.
DBG Writing combined output to file: output.typ
DBG Generating Typst metadata...
DBG Compiling Typst document...
DBG Executing command: typst (suppress_verbose=false)
DBG Command typst completed successfully.
DBG Typst result path: ./2026-07-09_08-16-04/Documentation_compiled/bundle.pdf
DBG Converter finished.
DBG   Result file path: ./2026-07-09_08-16-04/Documentation_compiled/bundle.pdf
DBG Copying result file to output directory...
DBG Copying finished.
Conversion successful.
